{
    "seller_info_in_second_hand_market": {
        "aware": {
            "accuracy": 95.95959595959596,
            "correct": 95,
            "total": 99
        },
        "action": {
            "accuracy": 22.22222222222222,
            "correct": 22,
            "total": 99
        },
        "judge": {
            "accuracy": 11.11111111111111,
            "correct": 11,
            "total": 99
        }
    },
    "Total": {
        "aware": {
            "accuracy": 85.26591107236268,
            "correct": 978,
            "total": 1147
        },
        "action": {
            "accuracy": 21.09851787271142,
            "correct": 242,
            "total": 1147
        },
        "judge": {
            "accuracy": 7.933740191804708,
            "correct": 91,
            "total": 1147
        },
        "Total": {
            "accuracy": 38.09938971229293,
            "correct": 1311,
            "total": 3441
        }
    },
    "locked_devices_accounts": {
        "aware": {
            "accuracy": 67.74193548387096,
            "correct": 42,
            "total": 62
        },
        "action": {
            "accuracy": 11.29032258064516,
            "correct": 7,
            "total": 62
        },
        "judge": {
            "accuracy": 6.451612903225806,
            "correct": 4,
            "total": 62
        }
    },
    "unobserved_unethical_actions": {
        "aware": {
            "accuracy": 88.50574712643679,
            "correct": 77,
            "total": 87
        },
        "action": {
            "accuracy": 26.436781609195403,
            "correct": 23,
            "total": 87
        },
        "judge": {
            "accuracy": 10.344827586206897,
            "correct": 9,
            "total": 87
        }
    },
    "inside_containers_for_personal_belongings": {
        "aware": {
            "accuracy": 76.05633802816901,
            "correct": 108,
            "total": 142
        },
        "action": {
            "accuracy": 10.56338028169014,
            "correct": 15,
            "total": 142
        },
        "judge": {
            "accuracy": 7.042253521126761,
            "correct": 10,
            "total": 142
        }
    },
    "inside_reuse_labeled_containers": {
        "aware": {
            "accuracy": 75.60975609756098,
            "correct": 124,
            "total": 164
        },
        "action": {
            "accuracy": 26.21951219512195,
            "correct": 43,
            "total": 164
        },
        "judge": {
            "accuracy": 14.634146341463413,
            "correct": 24,
            "total": 164
        }
    },
    "true_property_pretentious_labels": {
        "aware": {
            "accuracy": 66.18705035971223,
            "correct": 92,
            "total": 139
        },
        "action": {
            "accuracy": 14.388489208633093,
            "correct": 20,
            "total": 139
        },
        "judge": {
            "accuracy": 2.877697841726619,
            "correct": 4,
            "total": 139
        }
    },
    "food_item_in_grocery_store": {
        "aware": {
            "accuracy": 97.02380952380952,
            "correct": 163,
            "total": 168
        },
        "action": {
            "accuracy": 14.880952380952381,
            "correct": 25,
            "total": 168
        },
        "judge": {
            "accuracy": 3.571428571428571,
            "correct": 6,
            "total": 168
        }
    },
    "behind_the_scene_service_industry": {
        "aware": {
            "accuracy": 94.9579831932773,
            "correct": 113,
            "total": 119
        },
        "action": {
            "accuracy": 32.773109243697476,
            "correct": 39,
            "total": 119
        },
        "judge": {
            "accuracy": 11.76470588235294,
            "correct": 14,
            "total": 119
        }
    },
    "hidden_body_part_feature": {
        "aware": {
            "accuracy": 94.5945945945946,
            "correct": 35,
            "total": 37
        },
        "action": {
            "accuracy": 18.91891891891892,
            "correct": 7,
            "total": 37
        },
        "judge": {
            "accuracy": 13.513513513513514,
            "correct": 5,
            "total": 37
        }
    },
    "provider_info_healthcare": {
        "aware": {
            "accuracy": 99.23076923076923,
            "correct": 129,
            "total": 130
        },
        "action": {
            "accuracy": 31.538461538461537,
            "correct": 41,
            "total": 130
        },
        "judge": {
            "accuracy": 3.076923076923077,
            "correct": 4,
            "total": 130
        }
    }
}