{
    "seller_info_in_second_hand_market": {
        "aware": {
            "accuracy": 95.95959595959596,
            "correct": 95,
            "total": 99
        },
        "action": {
            "accuracy": 22.22222222222222,
            "correct": 22,
            "total": 99
        },
        "judge": {
            "accuracy": 26.262626262626267,
            "correct": 26,
            "total": 99
        }
    },
    "Total": {
        "aware": {
            "accuracy": 85.26591107236268,
            "correct": 978,
            "total": 1147
        },
        "action": {
            "accuracy": 22.755013077593723,
            "correct": 261,
            "total": 1147
        },
        "judge": {
            "accuracy": 29.11944202266783,
            "correct": 334,
            "total": 1147
        },
        "Total": {
            "accuracy": 45.71345539087475,
            "correct": 1573,
            "total": 3441
        }
    },
    "locked_devices_accounts": {
        "aware": {
            "accuracy": 67.74193548387096,
            "correct": 42,
            "total": 62
        },
        "action": {
            "accuracy": 17.741935483870968,
            "correct": 11,
            "total": 62
        },
        "judge": {
            "accuracy": 51.61290322580645,
            "correct": 32,
            "total": 62
        }
    },
    "unobserved_unethical_actions": {
        "aware": {
            "accuracy": 88.50574712643679,
            "correct": 77,
            "total": 87
        },
        "action": {
            "accuracy": 28.735632183908045,
            "correct": 25,
            "total": 87
        },
        "judge": {
            "accuracy": 29.88505747126437,
            "correct": 26,
            "total": 87
        }
    },
    "inside_containers_for_personal_belongings": {
        "aware": {
            "accuracy": 76.05633802816901,
            "correct": 108,
            "total": 142
        },
        "action": {
            "accuracy": 12.676056338028168,
            "correct": 18,
            "total": 142
        },
        "judge": {
            "accuracy": 56.33802816901409,
            "correct": 80,
            "total": 142
        }
    },
    "inside_reuse_labeled_containers": {
        "aware": {
            "accuracy": 75.60975609756098,
            "correct": 124,
            "total": 164
        },
        "action": {
            "accuracy": 30.48780487804878,
            "correct": 50,
            "total": 164
        },
        "judge": {
            "accuracy": 43.90243902439025,
            "correct": 72,
            "total": 164
        }
    },
    "true_property_pretentious_labels": {
        "aware": {
            "accuracy": 66.18705035971223,
            "correct": 92,
            "total": 139
        },
        "action": {
            "accuracy": 14.388489208633093,
            "correct": 20,
            "total": 139
        },
        "judge": {
            "accuracy": 17.985611510791365,
            "correct": 25,
            "total": 139
        }
    },
    "food_item_in_grocery_store": {
        "aware": {
            "accuracy": 97.02380952380952,
            "correct": 163,
            "total": 168
        },
        "action": {
            "accuracy": 15.476190476190476,
            "correct": 26,
            "total": 168
        },
        "judge": {
            "accuracy": 16.071428571428573,
            "correct": 27,
            "total": 168
        }
    },
    "behind_the_scene_service_industry": {
        "aware": {
            "accuracy": 94.9579831932773,
            "correct": 113,
            "total": 119
        },
        "action": {
            "accuracy": 33.61344537815126,
            "correct": 40,
            "total": 119
        },
        "judge": {
            "accuracy": 25.210084033613445,
            "correct": 30,
            "total": 119
        }
    },
    "hidden_body_part_feature": {
        "aware": {
            "accuracy": 94.5945945945946,
            "correct": 35,
            "total": 37
        },
        "action": {
            "accuracy": 18.91891891891892,
            "correct": 7,
            "total": 37
        },
        "judge": {
            "accuracy": 18.91891891891892,
            "correct": 7,
            "total": 37
        }
    },
    "provider_info_healthcare": {
        "aware": {
            "accuracy": 99.23076923076923,
            "correct": 129,
            "total": 130
        },
        "action": {
            "accuracy": 32.30769230769231,
            "correct": 42,
            "total": 130
        },
        "judge": {
            "accuracy": 6.923076923076923,
            "correct": 9,
            "total": 130
        }
    }
}