{
    "Smarties_prompt.csv": {
        "Order 1": {
            "accuracy": 98.33333333333333,
            "correct": 59,
            "total": 60
        },
        "Order 2": {
            "accuracy": 33.33333333333333,
            "correct": 20,
            "total": 60
        },
        "Order 3": {
            "accuracy": 100.0,
            "correct": 60,
            "total": 60
        }
    },
    "Total": {
        "Order 1": {
            "accuracy": 99.16666666666667,
            "correct": 119,
            "total": 120
        },
        "Order 2": {
            "accuracy": 50.83333333333333,
            "correct": 61,
            "total": 120
        },
        "Order 3": {
            "accuracy": 88.33333333333333,
            "correct": 106,
            "total": 120
        },
        "Total": {
            "accuracy": 79.44444444444444,
            "correct": 286,
            "total": 360
        }
    },
    "Sally-Anne_prompt.csv": {
        "Order 1": {
            "accuracy": 100.0,
            "correct": 60,
            "total": 60
        },
        "Order 2": {
            "accuracy": 68.33333333333333,
            "correct": 41,
            "total": 60
        },
        "Order 3": {
            "accuracy": 76.66666666666667,
            "correct": 46,
            "total": 60
        }
    }
}