{
    "Smarties_prompt.csv": {
        "Order 1": {
            "accuracy": 93.33333333333333,
            "correct": 56,
            "total": 60
        },
        "Order 2": {
            "accuracy": 16.666666666666664,
            "correct": 10,
            "total": 60
        },
        "Order 3": {
            "accuracy": 15.0,
            "correct": 9,
            "total": 60
        }
    },
    "Total": {
        "Order 1": {
            "accuracy": 96.66666666666667,
            "correct": 116,
            "total": 120
        },
        "Order 2": {
            "accuracy": 45.0,
            "correct": 54,
            "total": 120
        },
        "Order 3": {
            "accuracy": 44.166666666666664,
            "correct": 53,
            "total": 120
        },
        "Total": {
            "accuracy": 61.94444444444444,
            "correct": 223,
            "total": 360
        }
    },
    "Sally-Anne_prompt.csv": {
        "Order 1": {
            "accuracy": 100.0,
            "correct": 60,
            "total": 60
        },
        "Order 2": {
            "accuracy": 73.33333333333333,
            "correct": 44,
            "total": 60
        },
        "Order 3": {
            "accuracy": 73.33333333333333,
            "correct": 44,
            "total": 60
        }
    }
}