{
    "Smarties_prompt.csv": {
        "Order 1": {
            "accuracy": 93.33333333333333,
            "correct": 56,
            "total": 60
        },
        "Order 2": {
            "accuracy": 20.0,
            "correct": 12,
            "total": 60
        },
        "Order 3": {
            "accuracy": 95.0,
            "correct": 57,
            "total": 60
        }
    },
    "Total": {
        "Order 1": {
            "accuracy": 96.66666666666667,
            "correct": 116,
            "total": 120
        },
        "Order 2": {
            "accuracy": 46.666666666666664,
            "correct": 56,
            "total": 120
        },
        "Order 3": {
            "accuracy": 90.83333333333333,
            "correct": 109,
            "total": 120
        },
        "Total": {
            "accuracy": 78.05555555555556,
            "correct": 281,
            "total": 360
        }
    },
    "Sally-Anne_prompt.csv": {
        "Order 1": {
            "accuracy": 100.0,
            "correct": 60,
            "total": 60
        },
        "Order 2": {
            "accuracy": 73.33333333333333,
            "correct": 44,
            "total": 60
        },
        "Order 3": {
            "accuracy": 86.66666666666667,
            "correct": 52,
            "total": 60
        }
    }
}