{
    "Smarties_prompt.csv": {
        "Order 1": {
            "accuracy": 95.0,
            "correct": 57,
            "total": 60
        },
        "Order 2": {
            "accuracy": 41.66666666666667,
            "correct": 25,
            "total": 60
        },
        "Order 3": {
            "accuracy": 86.66666666666667,
            "correct": 52,
            "total": 60
        }
    },
    "Total": {
        "Order 1": {
            "accuracy": 97.5,
            "correct": 117,
            "total": 120
        },
        "Order 2": {
            "accuracy": 45.83333333333333,
            "correct": 55,
            "total": 120
        },
        "Order 3": {
            "accuracy": 56.666666666666664,
            "correct": 68,
            "total": 120
        },
        "Total": {
            "accuracy": 66.66666666666666,
            "correct": 240,
            "total": 360
        }
    },
    "Sally-Anne_prompt.csv": {
        "Order 1": {
            "accuracy": 100.0,
            "correct": 60,
            "total": 60
        },
        "Order 2": {
            "accuracy": 50.0,
            "correct": 30,
            "total": 60
        },
        "Order 3": {
            "accuracy": 26.666666666666668,
            "correct": 16,
            "total": 60
        }
    }
}