{
    "Sally-Anne_prompt.csv": {
        "Order 1": {
            "accuracy": 96.66666666666667,
            "correct": 58,
            "total": 60
        },
        "Order 2": {
            "accuracy": 50.0,
            "correct": 30,
            "total": 60
        },
        "Order 3": {
            "accuracy": 1.6666666666666667,
            "correct": 1,
            "total": 60
        }
    },
    "Total": {
        "Order 1": {
            "accuracy": 96.66666666666667,
            "correct": 58,
            "total": 60
        },
        "Order 2": {
            "accuracy": 50.0,
            "correct": 30,
            "total": 60
        },
        "Order 3": {
            "accuracy": 1.6666666666666667,
            "correct": 1,
            "total": 60
        },
        "Total": {
            "accuracy": 49.44444444444444,
            "correct": 89,
            "total": 180
        }
    }
}