{
    "inside_containers_for_personal_belongings": {
        "aware": {
            "accuracy": 87.32394366197182,
            "correct": 124,
            "total": 142
        },
        "action": {
            "accuracy": 59.154929577464785,
            "correct": 84,
            "total": 142
        },
        "judge": {
            "accuracy": 52.816901408450704,
            "correct": 75,
            "total": 142
        }
    },
    "Total": {
        "aware": {
            "accuracy": 89.97384481255449,
            "correct": 1032,
            "total": 1147
        },
        "action": {
            "accuracy": 69.22406277244987,
            "correct": 794,
            "total": 1147
        },
        "judge": {
            "accuracy": 33.653007846556235,
            "correct": 386,
            "total": 1147
        },
        "Total": {
            "accuracy": 64.28363847718687,
            "correct": 2212,
            "total": 3441
        }
    },
    "inside_reuse_labeled_containers": {
        "aware": {
            "accuracy": 73.17073170731707,
            "correct": 120,
            "total": 164
        },
        "action": {
            "accuracy": 42.68292682926829,
            "correct": 70,
            "total": 164
        },
        "judge": {
            "accuracy": 47.5609756097561,
            "correct": 78,
            "total": 164
        }
    },
    "true_property_pretentious_labels": {
        "aware": {
            "accuracy": 72.66187050359713,
            "correct": 101,
            "total": 139
        },
        "action": {
            "accuracy": 45.32374100719424,
            "correct": 63,
            "total": 139
        },
        "judge": {
            "accuracy": 32.37410071942446,
            "correct": 45,
            "total": 139
        }
    },
    "food_item_in_grocery_store": {
        "aware": {
            "accuracy": 100.0,
            "correct": 168,
            "total": 168
        },
        "action": {
            "accuracy": 93.45238095238095,
            "correct": 157,
            "total": 168
        },
        "judge": {
            "accuracy": 31.547619047619047,
            "correct": 53,
            "total": 168
        }
    },
    "behind_the_scene_service_industry": {
        "aware": {
            "accuracy": 96.63865546218487,
            "correct": 115,
            "total": 119
        },
        "action": {
            "accuracy": 83.19327731092437,
            "correct": 99,
            "total": 119
        },
        "judge": {
            "accuracy": 22.689075630252102,
            "correct": 27,
            "total": 119
        }
    },
    "hidden_body_part_feature": {
        "aware": {
            "accuracy": 100.0,
            "correct": 37,
            "total": 37
        },
        "action": {
            "accuracy": 56.75675675675676,
            "correct": 21,
            "total": 37
        },
        "judge": {
            "accuracy": 27.027027027027028,
            "correct": 10,
            "total": 37
        }
    },
    "provider_info_healthcare": {
        "aware": {
            "accuracy": 100.0,
            "correct": 130,
            "total": 130
        },
        "action": {
            "accuracy": 90.0,
            "correct": 117,
            "total": 130
        },
        "judge": {
            "accuracy": 23.076923076923077,
            "correct": 30,
            "total": 130
        }
    },
    "seller_info_in_second_hand_market": {
        "aware": {
            "accuracy": 98.98989898989899,
            "correct": 98,
            "total": 99
        },
        "action": {
            "accuracy": 78.78787878787878,
            "correct": 78,
            "total": 99
        },
        "judge": {
            "accuracy": 30.303030303030305,
            "correct": 30,
            "total": 99
        }
    },
    "locked_devices_accounts": {
        "aware": {
            "accuracy": 85.48387096774194,
            "correct": 53,
            "total": 62
        },
        "action": {
            "accuracy": 54.83870967741935,
            "correct": 34,
            "total": 62
        },
        "judge": {
            "accuracy": 27.419354838709676,
            "correct": 17,
            "total": 62
        }
    },
    "unobserved_unethical_actions": {
        "aware": {
            "accuracy": 98.85057471264368,
            "correct": 86,
            "total": 87
        },
        "action": {
            "accuracy": 81.60919540229885,
            "correct": 71,
            "total": 87
        },
        "judge": {
            "accuracy": 24.137931034482758,
            "correct": 21,
            "total": 87
        }
    }
}