{
    "Smarties_prompt.csv": {
        "Order 1": {
            "accuracy": 98.33333333333333,
            "correct": 59,
            "total": 60
        },
        "Order 2": {
            "accuracy": 33.33333333333333,
            "correct": 20,
            "total": 60
        },
        "Order 3": {
            "accuracy": 33.33333333333333,
            "correct": 20,
            "total": 60
        }
    },
    "Total": {
        "Order 1": {
            "accuracy": 99.16666666666667,
            "correct": 119,
            "total": 120
        },
        "Order 2": {
            "accuracy": 50.83333333333333,
            "correct": 61,
            "total": 120
        },
        "Order 3": {
            "accuracy": 44.166666666666664,
            "correct": 53,
            "total": 120
        },
        "Total": {
            "accuracy": 64.72222222222223,
            "correct": 233,
            "total": 360
        }
    },
    "Sally-Anne_prompt.csv": {
        "Order 1": {
            "accuracy": 100.0,
            "correct": 60,
            "total": 60
        },
        "Order 2": {
            "accuracy": 68.33333333333333,
            "correct": 41,
            "total": 60
        },
        "Order 3": {
            "accuracy": 55.00000000000001,
            "correct": 33,
            "total": 60
        }
    }
}