{
    "Sally-Anne_prompt.csv": {
        "Order 1": {
            "accuracy": 78.33333333333333,
            "correct": 47,
            "total": 60
        },
        "Order 2": {
            "accuracy": 40.0,
            "correct": 24,
            "total": 60
        },
        "Order 3": {
            "accuracy": 40.0,
            "correct": 24,
            "total": 60
        }
    },
    "Total": {
        "Order 1": {
            "accuracy": 64.16666666666667,
            "correct": 77,
            "total": 120
        },
        "Order 2": {
            "accuracy": 21.666666666666668,
            "correct": 26,
            "total": 120
        },
        "Order 3": {
            "accuracy": 20.833333333333336,
            "correct": 25,
            "total": 120
        },
        "Total": {
            "accuracy": 35.55555555555556,
            "correct": 128,
            "total": 360
        }
    },
    "Smarties_prompt.csv": {
        "Order 1": {
            "accuracy": 50.0,
            "correct": 30,
            "total": 60
        },
        "Order 2": {
            "accuracy": 3.3333333333333335,
            "correct": 2,
            "total": 60
        },
        "Order 3": {
            "accuracy": 1.6666666666666667,
            "correct": 1,
            "total": 60
        }
    }
}