{
    "tell_prompt": {
        "Tell: No_Tell, Prompt: CoT": {
            "accuracy": 28.666666666666668,
            "correct": 86,
            "total": 300
        },
        "Tell: No_Tell, Prompt: MC": {
            "accuracy": 17.0,
            "correct": 51,
            "total": 300
        },
        "Tell: Tell, Prompt: CoT": {
            "accuracy": 28.000000000000004,
            "correct": 84,
            "total": 300
        },
        "Tell: Tell, Prompt: MC": {
            "accuracy": 13.666666666666666,
            "correct": 41,
            "total": 300
        }
    },
    "prompt": {
        "CoT": {
            "accuracy": 28.333333333333332,
            "correct": 170,
            "total": 600
        },
        "MC": {
            "accuracy": 15.333333333333332,
            "correct": 92,
            "total": 600
        }
    }
}