{
    "food_item_in_grocery_store": {
        "aware": {
            "accuracy": 86.90476190476191,
            "correct": 146,
            "total": 168
        },
        "action": {
            "accuracy": 86.90476190476191,
            "correct": 146,
            "total": 168
        },
        "judge": {
            "accuracy": 38.095238095238095,
            "correct": 64,
            "total": 168
        }
    },
    "Total": {
        "aware": {
            "accuracy": 85.61464690496948,
            "correct": 982,
            "total": 1147
        },
        "action": {
            "accuracy": 77.24498692240628,
            "correct": 886,
            "total": 1147
        },
        "judge": {
            "accuracy": 44.986922406277245,
            "correct": 516,
            "total": 1147
        },
        "Total": {
            "accuracy": 69.28218541121767,
            "correct": 2384,
            "total": 3441
        }
    },
    "behind_the_scene_service_industry": {
        "aware": {
            "accuracy": 92.43697478991596,
            "correct": 110,
            "total": 119
        },
        "action": {
            "accuracy": 92.43697478991596,
            "correct": 110,
            "total": 119
        },
        "judge": {
            "accuracy": 55.46218487394958,
            "correct": 66,
            "total": 119
        }
    },
    "hidden_body_part_feature": {
        "aware": {
            "accuracy": 81.08108108108108,
            "correct": 30,
            "total": 37
        },
        "action": {
            "accuracy": 64.86486486486487,
            "correct": 24,
            "total": 37
        },
        "judge": {
            "accuracy": 43.24324324324324,
            "correct": 16,
            "total": 37
        }
    },
    "provider_info_healthcare": {
        "aware": {
            "accuracy": 70.76923076923077,
            "correct": 92,
            "total": 130
        },
        "action": {
            "accuracy": 69.23076923076923,
            "correct": 90,
            "total": 130
        },
        "judge": {
            "accuracy": 23.846153846153847,
            "correct": 31,
            "total": 130
        }
    },
    "seller_info_in_second_hand_market": {
        "aware": {
            "accuracy": 92.92929292929293,
            "correct": 92,
            "total": 99
        },
        "action": {
            "accuracy": 91.91919191919192,
            "correct": 91,
            "total": 99
        },
        "judge": {
            "accuracy": 57.57575757575758,
            "correct": 57,
            "total": 99
        }
    },
    "locked_devices_accounts": {
        "aware": {
            "accuracy": 69.35483870967742,
            "correct": 43,
            "total": 62
        },
        "action": {
            "accuracy": 59.67741935483871,
            "correct": 37,
            "total": 62
        },
        "judge": {
            "accuracy": 24.193548387096776,
            "correct": 15,
            "total": 62
        }
    },
    "unobserved_unethical_actions": {
        "aware": {
            "accuracy": 96.55172413793103,
            "correct": 84,
            "total": 87
        },
        "action": {
            "accuracy": 90.80459770114942,
            "correct": 79,
            "total": 87
        },
        "judge": {
            "accuracy": 56.32183908045977,
            "correct": 49,
            "total": 87
        }
    },
    "inside_containers_for_personal_belongings": {
        "aware": {
            "accuracy": 91.54929577464789,
            "correct": 130,
            "total": 142
        },
        "action": {
            "accuracy": 81.69014084507043,
            "correct": 116,
            "total": 142
        },
        "judge": {
            "accuracy": 64.7887323943662,
            "correct": 92,
            "total": 142
        }
    },
    "inside_reuse_labeled_containers": {
        "aware": {
            "accuracy": 84.7560975609756,
            "correct": 139,
            "total": 164
        },
        "action": {
            "accuracy": 63.41463414634146,
            "correct": 104,
            "total": 164
        },
        "judge": {
            "accuracy": 42.073170731707314,
            "correct": 69,
            "total": 164
        }
    },
    "true_property_pretentious_labels": {
        "aware": {
            "accuracy": 83.45323741007195,
            "correct": 116,
            "total": 139
        },
        "action": {
            "accuracy": 64.02877697841727,
            "correct": 89,
            "total": 139
        },
        "judge": {
            "accuracy": 41.007194244604314,
            "correct": 57,
            "total": 139
        }
    }
}