{
    "seller_info_in_second_hand_market": {
        "aware": {
            "accuracy": 55.55555555555556,
            "correct": 55,
            "total": 99
        },
        "action": {
            "accuracy": 29.292929292929294,
            "correct": 29,
            "total": 99
        },
        "judge": {
            "accuracy": 16.161616161616163,
            "correct": 16,
            "total": 99
        }
    },
    "Total": {
        "aware": {
            "accuracy": 58.06451612903226,
            "correct": 666,
            "total": 1147
        },
        "action": {
            "accuracy": 26.416739319965128,
            "correct": 303,
            "total": 1147
        },
        "judge": {
            "accuracy": 13.339145597210115,
            "correct": 153,
            "total": 1147
        },
        "Total": {
            "accuracy": 32.60680034873583,
            "correct": 1122,
            "total": 3441
        }
    },
    "locked_devices_accounts": {
        "aware": {
            "accuracy": 54.83870967741935,
            "correct": 34,
            "total": 62
        },
        "action": {
            "accuracy": 22.58064516129032,
            "correct": 14,
            "total": 62
        },
        "judge": {
            "accuracy": 14.516129032258066,
            "correct": 9,
            "total": 62
        }
    },
    "unobserved_unethical_actions": {
        "aware": {
            "accuracy": 57.47126436781609,
            "correct": 50,
            "total": 87
        },
        "action": {
            "accuracy": 24.137931034482758,
            "correct": 21,
            "total": 87
        },
        "judge": {
            "accuracy": 14.942528735632186,
            "correct": 13,
            "total": 87
        }
    },
    "inside_containers_for_personal_belongings": {
        "aware": {
            "accuracy": 51.40845070422535,
            "correct": 73,
            "total": 142
        },
        "action": {
            "accuracy": 19.718309859154928,
            "correct": 28,
            "total": 142
        },
        "judge": {
            "accuracy": 9.15492957746479,
            "correct": 13,
            "total": 142
        }
    },
    "inside_reuse_labeled_containers": {
        "aware": {
            "accuracy": 48.170731707317074,
            "correct": 79,
            "total": 164
        },
        "action": {
            "accuracy": 17.073170731707318,
            "correct": 28,
            "total": 164
        },
        "judge": {
            "accuracy": 7.317073170731707,
            "correct": 12,
            "total": 164
        }
    },
    "true_property_pretentious_labels": {
        "aware": {
            "accuracy": 59.71223021582733,
            "correct": 83,
            "total": 139
        },
        "action": {
            "accuracy": 24.46043165467626,
            "correct": 34,
            "total": 139
        },
        "judge": {
            "accuracy": 12.23021582733813,
            "correct": 17,
            "total": 139
        }
    },
    "food_item_in_grocery_store": {
        "aware": {
            "accuracy": 64.88095238095238,
            "correct": 109,
            "total": 168
        },
        "action": {
            "accuracy": 35.714285714285715,
            "correct": 60,
            "total": 168
        },
        "judge": {
            "accuracy": 19.642857142857142,
            "correct": 33,
            "total": 168
        }
    },
    "behind_the_scene_service_industry": {
        "aware": {
            "accuracy": 56.30252100840336,
            "correct": 67,
            "total": 119
        },
        "action": {
            "accuracy": 30.252100840336134,
            "correct": 36,
            "total": 119
        },
        "judge": {
            "accuracy": 14.285714285714285,
            "correct": 17,
            "total": 119
        }
    },
    "hidden_body_part_feature": {
        "aware": {
            "accuracy": 75.67567567567568,
            "correct": 28,
            "total": 37
        },
        "action": {
            "accuracy": 18.91891891891892,
            "correct": 7,
            "total": 37
        },
        "judge": {
            "accuracy": 13.513513513513514,
            "correct": 5,
            "total": 37
        }
    },
    "provider_info_healthcare": {
        "aware": {
            "accuracy": 67.6923076923077,
            "correct": 88,
            "total": 130
        },
        "action": {
            "accuracy": 35.38461538461539,
            "correct": 46,
            "total": 130
        },
        "judge": {
            "accuracy": 13.846153846153847,
            "correct": 18,
            "total": 130
        }
    }
}