{
    "seller_info_in_second_hand_market": {
        "aware": {
            "accuracy": 55.55555555555556,
            "correct": 55,
            "total": 99
        },
        "action": {
            "accuracy": 58.58585858585859,
            "correct": 58,
            "total": 99
        },
        "judge": {
            "accuracy": 53.535353535353536,
            "correct": 53,
            "total": 99
        }
    },
    "Total": {
        "aware": {
            "accuracy": 58.06451612903226,
            "correct": 666,
            "total": 1147
        },
        "action": {
            "accuracy": 44.81255448997384,
            "correct": 514,
            "total": 1147
        },
        "judge": {
            "accuracy": 49.78204010462075,
            "correct": 571,
            "total": 1147
        },
        "Total": {
            "accuracy": 50.88637024120896,
            "correct": 1751,
            "total": 3441
        }
    },
    "locked_devices_accounts": {
        "aware": {
            "accuracy": 54.83870967741935,
            "correct": 34,
            "total": 62
        },
        "action": {
            "accuracy": 38.70967741935484,
            "correct": 24,
            "total": 62
        },
        "judge": {
            "accuracy": 58.06451612903226,
            "correct": 36,
            "total": 62
        }
    },
    "unobserved_unethical_actions": {
        "aware": {
            "accuracy": 57.47126436781609,
            "correct": 50,
            "total": 87
        },
        "action": {
            "accuracy": 48.275862068965516,
            "correct": 42,
            "total": 87
        },
        "judge": {
            "accuracy": 51.724137931034484,
            "correct": 45,
            "total": 87
        }
    },
    "inside_containers_for_personal_belongings": {
        "aware": {
            "accuracy": 51.40845070422535,
            "correct": 73,
            "total": 142
        },
        "action": {
            "accuracy": 35.91549295774648,
            "correct": 51,
            "total": 142
        },
        "judge": {
            "accuracy": 53.52112676056338,
            "correct": 76,
            "total": 142
        }
    },
    "inside_reuse_labeled_containers": {
        "aware": {
            "accuracy": 48.170731707317074,
            "correct": 79,
            "total": 164
        },
        "action": {
            "accuracy": 31.097560975609756,
            "correct": 51,
            "total": 164
        },
        "judge": {
            "accuracy": 45.73170731707317,
            "correct": 75,
            "total": 164
        }
    },
    "true_property_pretentious_labels": {
        "aware": {
            "accuracy": 59.71223021582733,
            "correct": 83,
            "total": 139
        },
        "action": {
            "accuracy": 40.28776978417266,
            "correct": 56,
            "total": 139
        },
        "judge": {
            "accuracy": 52.51798561151079,
            "correct": 73,
            "total": 139
        }
    },
    "food_item_in_grocery_store": {
        "aware": {
            "accuracy": 64.88095238095238,
            "correct": 109,
            "total": 168
        },
        "action": {
            "accuracy": 52.976190476190474,
            "correct": 89,
            "total": 168
        },
        "judge": {
            "accuracy": 52.38095238095239,
            "correct": 88,
            "total": 168
        }
    },
    "behind_the_scene_service_industry": {
        "aware": {
            "accuracy": 56.30252100840336,
            "correct": 67,
            "total": 119
        },
        "action": {
            "accuracy": 56.30252100840336,
            "correct": 67,
            "total": 119
        },
        "judge": {
            "accuracy": 42.857142857142854,
            "correct": 51,
            "total": 119
        }
    },
    "hidden_body_part_feature": {
        "aware": {
            "accuracy": 75.67567567567568,
            "correct": 28,
            "total": 37
        },
        "action": {
            "accuracy": 32.432432432432435,
            "correct": 12,
            "total": 37
        },
        "judge": {
            "accuracy": 54.054054054054056,
            "correct": 20,
            "total": 37
        }
    },
    "provider_info_healthcare": {
        "aware": {
            "accuracy": 67.6923076923077,
            "correct": 88,
            "total": 130
        },
        "action": {
            "accuracy": 49.23076923076923,
            "correct": 64,
            "total": 130
        },
        "judge": {
            "accuracy": 41.53846153846154,
            "correct": 54,
            "total": 130
        }
    }
}