{
    "food_item_in_grocery_store": {
        "aware": {
            "accuracy": 96.42857142857143,
            "correct": 162,
            "total": 168
        },
        "action": {
            "accuracy": 95.23809523809523,
            "correct": 160,
            "total": 168
        },
        "judge": {
            "accuracy": 66.66666666666666,
            "correct": 112,
            "total": 168
        }
    },
    "Total": {
        "aware": {
            "accuracy": 94.0714908456844,
            "correct": 1079,
            "total": 1147
        },
        "action": {
            "accuracy": 82.99912816041848,
            "correct": 952,
            "total": 1147
        },
        "judge": {
            "accuracy": 58.413251961639055,
            "correct": 670,
            "total": 1147
        },
        "Total": {
            "accuracy": 78.49462365591397,
            "correct": 2701,
            "total": 3441
        }
    },
    "behind_the_scene_service_industry": {
        "aware": {
            "accuracy": 95.7983193277311,
            "correct": 114,
            "total": 119
        },
        "action": {
            "accuracy": 94.9579831932773,
            "correct": 113,
            "total": 119
        },
        "judge": {
            "accuracy": 73.10924369747899,
            "correct": 87,
            "total": 119
        }
    },
    "hidden_body_part_feature": {
        "aware": {
            "accuracy": 83.78378378378379,
            "correct": 31,
            "total": 37
        },
        "action": {
            "accuracy": 64.86486486486487,
            "correct": 24,
            "total": 37
        },
        "judge": {
            "accuracy": 54.054054054054056,
            "correct": 20,
            "total": 37
        }
    },
    "provider_info_healthcare": {
        "aware": {
            "accuracy": 87.6923076923077,
            "correct": 114,
            "total": 130
        },
        "action": {
            "accuracy": 80.0,
            "correct": 104,
            "total": 130
        },
        "judge": {
            "accuracy": 17.692307692307693,
            "correct": 23,
            "total": 130
        }
    },
    "seller_info_in_second_hand_market": {
        "aware": {
            "accuracy": 96.96969696969697,
            "correct": 96,
            "total": 99
        },
        "action": {
            "accuracy": 92.92929292929293,
            "correct": 92,
            "total": 99
        },
        "judge": {
            "accuracy": 73.73737373737373,
            "correct": 73,
            "total": 99
        }
    },
    "locked_devices_accounts": {
        "aware": {
            "accuracy": 93.54838709677419,
            "correct": 58,
            "total": 62
        },
        "action": {
            "accuracy": 70.96774193548387,
            "correct": 44,
            "total": 62
        },
        "judge": {
            "accuracy": 58.06451612903226,
            "correct": 36,
            "total": 62
        }
    },
    "unobserved_unethical_actions": {
        "aware": {
            "accuracy": 100.0,
            "correct": 87,
            "total": 87
        },
        "action": {
            "accuracy": 94.25287356321839,
            "correct": 82,
            "total": 87
        },
        "judge": {
            "accuracy": 62.06896551724138,
            "correct": 54,
            "total": 87
        }
    },
    "inside_containers_for_personal_belongings": {
        "aware": {
            "accuracy": 98.59154929577466,
            "correct": 140,
            "total": 142
        },
        "action": {
            "accuracy": 86.61971830985915,
            "correct": 123,
            "total": 142
        },
        "judge": {
            "accuracy": 80.28169014084507,
            "correct": 114,
            "total": 142
        }
    },
    "inside_reuse_labeled_containers": {
        "aware": {
            "accuracy": 94.51219512195121,
            "correct": 155,
            "total": 164
        },
        "action": {
            "accuracy": 66.46341463414635,
            "correct": 109,
            "total": 164
        },
        "judge": {
            "accuracy": 56.70731707317073,
            "correct": 93,
            "total": 164
        }
    },
    "true_property_pretentious_labels": {
        "aware": {
            "accuracy": 87.76978417266187,
            "correct": 122,
            "total": 139
        },
        "action": {
            "accuracy": 72.66187050359713,
            "correct": 101,
            "total": 139
        },
        "judge": {
            "accuracy": 41.726618705035975,
            "correct": 58,
            "total": 139
        }
    }
}