{
    "food_item_in_grocery_store": {
        "aware": {
            "accuracy": 96.42857142857143,
            "correct": 162,
            "total": 168
        },
        "action": {
            "accuracy": 98.80952380952381,
            "correct": 166,
            "total": 168
        },
        "judge": {
            "accuracy": 69.64285714285714,
            "correct": 117,
            "total": 168
        }
    },
    "Total": {
        "aware": {
            "accuracy": 94.0714908456844,
            "correct": 1079,
            "total": 1147
        },
        "action": {
            "accuracy": 87.00959023539669,
            "correct": 998,
            "total": 1147
        },
        "judge": {
            "accuracy": 68.52659110723627,
            "correct": 786,
            "total": 1147
        },
        "Total": {
            "accuracy": 83.20255739610577,
            "correct": 2863,
            "total": 3441
        }
    },
    "behind_the_scene_service_industry": {
        "aware": {
            "accuracy": 95.7983193277311,
            "correct": 114,
            "total": 119
        },
        "action": {
            "accuracy": 98.31932773109243,
            "correct": 117,
            "total": 119
        },
        "judge": {
            "accuracy": 75.63025210084034,
            "correct": 90,
            "total": 119
        }
    },
    "hidden_body_part_feature": {
        "aware": {
            "accuracy": 83.78378378378379,
            "correct": 31,
            "total": 37
        },
        "action": {
            "accuracy": 64.86486486486487,
            "correct": 24,
            "total": 37
        },
        "judge": {
            "accuracy": 75.67567567567568,
            "correct": 28,
            "total": 37
        }
    },
    "provider_info_healthcare": {
        "aware": {
            "accuracy": 87.6923076923077,
            "correct": 114,
            "total": 130
        },
        "action": {
            "accuracy": 91.53846153846153,
            "correct": 119,
            "total": 130
        },
        "judge": {
            "accuracy": 21.53846153846154,
            "correct": 28,
            "total": 130
        }
    },
    "seller_info_in_second_hand_market": {
        "aware": {
            "accuracy": 96.96969696969697,
            "correct": 96,
            "total": 99
        },
        "action": {
            "accuracy": 95.95959595959596,
            "correct": 95,
            "total": 99
        },
        "judge": {
            "accuracy": 78.78787878787878,
            "correct": 78,
            "total": 99
        }
    },
    "locked_devices_accounts": {
        "aware": {
            "accuracy": 93.54838709677419,
            "correct": 58,
            "total": 62
        },
        "action": {
            "accuracy": 77.41935483870968,
            "correct": 48,
            "total": 62
        },
        "judge": {
            "accuracy": 75.80645161290323,
            "correct": 47,
            "total": 62
        }
    },
    "unobserved_unethical_actions": {
        "aware": {
            "accuracy": 100.0,
            "correct": 87,
            "total": 87
        },
        "action": {
            "accuracy": 94.25287356321839,
            "correct": 82,
            "total": 87
        },
        "judge": {
            "accuracy": 64.36781609195403,
            "correct": 56,
            "total": 87
        }
    },
    "inside_containers_for_personal_belongings": {
        "aware": {
            "accuracy": 98.59154929577466,
            "correct": 140,
            "total": 142
        },
        "action": {
            "accuracy": 87.32394366197182,
            "correct": 124,
            "total": 142
        },
        "judge": {
            "accuracy": 90.14084507042254,
            "correct": 128,
            "total": 142
        }
    },
    "inside_reuse_labeled_containers": {
        "aware": {
            "accuracy": 94.51219512195121,
            "correct": 155,
            "total": 164
        },
        "action": {
            "accuracy": 69.51219512195121,
            "correct": 114,
            "total": 164
        },
        "judge": {
            "accuracy": 83.53658536585365,
            "correct": 137,
            "total": 164
        }
    },
    "true_property_pretentious_labels": {
        "aware": {
            "accuracy": 87.76978417266187,
            "correct": 122,
            "total": 139
        },
        "action": {
            "accuracy": 78.41726618705036,
            "correct": 109,
            "total": 139
        },
        "judge": {
            "accuracy": 55.39568345323741,
            "correct": 77,
            "total": 139
        }
    }
}