{
    "food_item_in_grocery_store": {
        "aware": {
            "accuracy": 65.47619047619048,
            "correct": 110,
            "total": 168
        },
        "action": {
            "accuracy": 36.30952380952381,
            "correct": 61,
            "total": 168
        },
        "judge": {
            "accuracy": 18.452380952380953,
            "correct": 31,
            "total": 168
        }
    },
    "Total": {
        "aware": {
            "accuracy": 59.45945945945946,
            "correct": 682,
            "total": 1147
        },
        "action": {
            "accuracy": 25.544899738448123,
            "correct": 293,
            "total": 1147
        },
        "judge": {
            "accuracy": 14.210985178727114,
            "correct": 163,
            "total": 1147
        },
        "Total": {
            "accuracy": 33.071781458878235,
            "correct": 1138,
            "total": 3441
        }
    },
    "behind_the_scene_service_industry": {
        "aware": {
            "accuracy": 55.46218487394958,
            "correct": 66,
            "total": 119
        },
        "action": {
            "accuracy": 26.05042016806723,
            "correct": 31,
            "total": 119
        },
        "judge": {
            "accuracy": 14.285714285714285,
            "correct": 17,
            "total": 119
        }
    },
    "hidden_body_part_feature": {
        "aware": {
            "accuracy": 78.37837837837837,
            "correct": 29,
            "total": 37
        },
        "action": {
            "accuracy": 29.72972972972973,
            "correct": 11,
            "total": 37
        },
        "judge": {
            "accuracy": 24.324324324324326,
            "correct": 9,
            "total": 37
        }
    },
    "provider_info_healthcare": {
        "aware": {
            "accuracy": 70.76923076923077,
            "correct": 92,
            "total": 130
        },
        "action": {
            "accuracy": 29.230769230769234,
            "correct": 38,
            "total": 130
        },
        "judge": {
            "accuracy": 13.076923076923078,
            "correct": 17,
            "total": 130
        }
    },
    "seller_info_in_second_hand_market": {
        "aware": {
            "accuracy": 57.57575757575758,
            "correct": 57,
            "total": 99
        },
        "action": {
            "accuracy": 35.35353535353536,
            "correct": 35,
            "total": 99
        },
        "judge": {
            "accuracy": 22.22222222222222,
            "correct": 22,
            "total": 99
        }
    },
    "locked_devices_accounts": {
        "aware": {
            "accuracy": 46.774193548387096,
            "correct": 29,
            "total": 62
        },
        "action": {
            "accuracy": 14.516129032258066,
            "correct": 9,
            "total": 62
        },
        "judge": {
            "accuracy": 14.516129032258066,
            "correct": 9,
            "total": 62
        }
    },
    "unobserved_unethical_actions": {
        "aware": {
            "accuracy": 51.724137931034484,
            "correct": 45,
            "total": 87
        },
        "action": {
            "accuracy": 21.839080459770116,
            "correct": 19,
            "total": 87
        },
        "judge": {
            "accuracy": 11.494252873563218,
            "correct": 10,
            "total": 87
        }
    },
    "inside_containers_for_personal_belongings": {
        "aware": {
            "accuracy": 61.97183098591549,
            "correct": 88,
            "total": 142
        },
        "action": {
            "accuracy": 21.12676056338028,
            "correct": 30,
            "total": 142
        },
        "judge": {
            "accuracy": 11.267605633802818,
            "correct": 16,
            "total": 142
        }
    },
    "inside_reuse_labeled_containers": {
        "aware": {
            "accuracy": 48.78048780487805,
            "correct": 80,
            "total": 164
        },
        "action": {
            "accuracy": 17.073170731707318,
            "correct": 28,
            "total": 164
        },
        "judge": {
            "accuracy": 9.75609756097561,
            "correct": 16,
            "total": 164
        }
    },
    "true_property_pretentious_labels": {
        "aware": {
            "accuracy": 61.87050359712231,
            "correct": 86,
            "total": 139
        },
        "action": {
            "accuracy": 22.302158273381295,
            "correct": 31,
            "total": 139
        },
        "judge": {
            "accuracy": 11.510791366906476,
            "correct": 16,
            "total": 139
        }
    }
}