{
    "food_item_in_grocery_store": {
        "aware": {
            "accuracy": 65.47619047619048,
            "correct": 110,
            "total": 168
        },
        "action": {
            "accuracy": 54.761904761904766,
            "correct": 92,
            "total": 168
        },
        "judge": {
            "accuracy": 50.595238095238095,
            "correct": 85,
            "total": 168
        }
    },
    "Total": {
        "aware": {
            "accuracy": 59.45945945945946,
            "correct": 682,
            "total": 1147
        },
        "action": {
            "accuracy": 43.59197907585005,
            "correct": 500,
            "total": 1147
        },
        "judge": {
            "accuracy": 54.054054054054056,
            "correct": 620,
            "total": 1147
        },
        "Total": {
            "accuracy": 52.36849752978785,
            "correct": 1802,
            "total": 3441
        }
    },
    "behind_the_scene_service_industry": {
        "aware": {
            "accuracy": 55.46218487394958,
            "correct": 66,
            "total": 119
        },
        "action": {
            "accuracy": 48.739495798319325,
            "correct": 58,
            "total": 119
        },
        "judge": {
            "accuracy": 48.739495798319325,
            "correct": 58,
            "total": 119
        }
    },
    "hidden_body_part_feature": {
        "aware": {
            "accuracy": 78.37837837837837,
            "correct": 29,
            "total": 37
        },
        "action": {
            "accuracy": 37.83783783783784,
            "correct": 14,
            "total": 37
        },
        "judge": {
            "accuracy": 59.45945945945946,
            "correct": 22,
            "total": 37
        }
    },
    "provider_info_healthcare": {
        "aware": {
            "accuracy": 70.76923076923077,
            "correct": 92,
            "total": 130
        },
        "action": {
            "accuracy": 40.76923076923077,
            "correct": 53,
            "total": 130
        },
        "judge": {
            "accuracy": 53.07692307692308,
            "correct": 69,
            "total": 130
        }
    },
    "seller_info_in_second_hand_market": {
        "aware": {
            "accuracy": 57.57575757575758,
            "correct": 57,
            "total": 99
        },
        "action": {
            "accuracy": 59.59595959595959,
            "correct": 59,
            "total": 99
        },
        "judge": {
            "accuracy": 59.59595959595959,
            "correct": 59,
            "total": 99
        }
    },
    "locked_devices_accounts": {
        "aware": {
            "accuracy": 46.774193548387096,
            "correct": 29,
            "total": 62
        },
        "action": {
            "accuracy": 35.483870967741936,
            "correct": 22,
            "total": 62
        },
        "judge": {
            "accuracy": 72.58064516129032,
            "correct": 45,
            "total": 62
        }
    },
    "unobserved_unethical_actions": {
        "aware": {
            "accuracy": 51.724137931034484,
            "correct": 45,
            "total": 87
        },
        "action": {
            "accuracy": 45.97701149425287,
            "correct": 40,
            "total": 87
        },
        "judge": {
            "accuracy": 58.620689655172406,
            "correct": 51,
            "total": 87
        }
    },
    "inside_containers_for_personal_belongings": {
        "aware": {
            "accuracy": 61.97183098591549,
            "correct": 88,
            "total": 142
        },
        "action": {
            "accuracy": 34.50704225352113,
            "correct": 49,
            "total": 142
        },
        "judge": {
            "accuracy": 51.40845070422535,
            "correct": 73,
            "total": 142
        }
    },
    "inside_reuse_labeled_containers": {
        "aware": {
            "accuracy": 48.78048780487805,
            "correct": 80,
            "total": 164
        },
        "action": {
            "accuracy": 34.756097560975604,
            "correct": 57,
            "total": 164
        },
        "judge": {
            "accuracy": 51.829268292682926,
            "correct": 85,
            "total": 164
        }
    },
    "true_property_pretentious_labels": {
        "aware": {
            "accuracy": 61.87050359712231,
            "correct": 86,
            "total": 139
        },
        "action": {
            "accuracy": 40.28776978417266,
            "correct": 56,
            "total": 139
        },
        "judge": {
            "accuracy": 52.51798561151079,
            "correct": 73,
            "total": 139
        }
    }
}