{
    "Sally-Anne_prompt.csv": {
        "Order 1": {
            "accuracy": 95.0,
            "correct": 57,
            "total": 60
        },
        "Order 2": {
            "accuracy": 50.0,
            "correct": 30,
            "total": 60
        },
        "Order 3": {
            "accuracy": 20.0,
            "correct": 12,
            "total": 60
        }
    },
    "Total": {
        "Order 1": {
            "accuracy": 94.16666666666667,
            "correct": 113,
            "total": 120
        },
        "Order 2": {
            "accuracy": 46.666666666666664,
            "correct": 56,
            "total": 120
        },
        "Order 3": {
            "accuracy": 25.833333333333336,
            "correct": 31,
            "total": 120
        },
        "Total": {
            "accuracy": 55.55555555555556,
            "correct": 200,
            "total": 360
        }
    },
    "Smarties_prompt.csv": {
        "Order 1": {
            "accuracy": 93.33333333333333,
            "correct": 56,
            "total": 60
        },
        "Order 2": {
            "accuracy": 43.333333333333336,
            "correct": 26,
            "total": 60
        },
        "Order 3": {
            "accuracy": 31.666666666666664,
            "correct": 19,
            "total": 60
        }
    }
}