{
    "Sally-Anne_prompt.csv": {
        "Order 1": {
            "accuracy": 95.0,
            "correct": 57,
            "total": 60
        },
        "Order 2": {
            "accuracy": 51.66666666666667,
            "correct": 31,
            "total": 60
        },
        "Order 3": {
            "accuracy": 38.333333333333336,
            "correct": 23,
            "total": 60
        }
    },
    "Total": {
        "Order 1": {
            "accuracy": 94.16666666666667,
            "correct": 113,
            "total": 120
        },
        "Order 2": {
            "accuracy": 49.166666666666664,
            "correct": 59,
            "total": 120
        },
        "Order 3": {
            "accuracy": 51.66666666666667,
            "correct": 62,
            "total": 120
        },
        "Total": {
            "accuracy": 65.0,
            "correct": 234,
            "total": 360
        }
    },
    "Smarties_prompt.csv": {
        "Order 1": {
            "accuracy": 93.33333333333333,
            "correct": 56,
            "total": 60
        },
        "Order 2": {
            "accuracy": 46.666666666666664,
            "correct": 28,
            "total": 60
        },
        "Order 3": {
            "accuracy": 65.0,
            "correct": 39,
            "total": 60
        }
    }
}