{
    "food_item_in_grocery_store": {
        "aware": {
            "accuracy": 97.61904761904762,
            "correct": 164,
            "total": 168
        },
        "action": {
            "accuracy": 22.61904761904762,
            "correct": 38,
            "total": 168
        },
        "judge": {
            "accuracy": 5.952380952380952,
            "correct": 10,
            "total": 168
        }
    },
    "Total": {
        "aware": {
            "accuracy": 82.82476024411508,
            "correct": 950,
            "total": 1147
        },
        "action": {
            "accuracy": 25.893635571054922,
            "correct": 297,
            "total": 1147
        },
        "judge": {
            "accuracy": 10.28770706190061,
            "correct": 118,
            "total": 1147
        },
        "Total": {
            "accuracy": 39.66870095902354,
            "correct": 1365,
            "total": 3441
        }
    },
    "behind_the_scene_service_industry": {
        "aware": {
            "accuracy": 93.27731092436974,
            "correct": 111,
            "total": 119
        },
        "action": {
            "accuracy": 40.33613445378151,
            "correct": 48,
            "total": 119
        },
        "judge": {
            "accuracy": 14.285714285714285,
            "correct": 17,
            "total": 119
        }
    },
    "hidden_body_part_feature": {
        "aware": {
            "accuracy": 91.8918918918919,
            "correct": 34,
            "total": 37
        },
        "action": {
            "accuracy": 16.216216216216218,
            "correct": 6,
            "total": 37
        },
        "judge": {
            "accuracy": 10.81081081081081,
            "correct": 4,
            "total": 37
        }
    },
    "provider_info_healthcare": {
        "aware": {
            "accuracy": 98.46153846153847,
            "correct": 128,
            "total": 130
        },
        "action": {
            "accuracy": 41.53846153846154,
            "correct": 54,
            "total": 130
        },
        "judge": {
            "accuracy": 7.6923076923076925,
            "correct": 10,
            "total": 130
        }
    },
    "seller_info_in_second_hand_market": {
        "aware": {
            "accuracy": 88.88888888888889,
            "correct": 88,
            "total": 99
        },
        "action": {
            "accuracy": 25.252525252525253,
            "correct": 25,
            "total": 99
        },
        "judge": {
            "accuracy": 15.151515151515152,
            "correct": 15,
            "total": 99
        }
    },
    "locked_devices_accounts": {
        "aware": {
            "accuracy": 66.12903225806451,
            "correct": 41,
            "total": 62
        },
        "action": {
            "accuracy": 16.129032258064516,
            "correct": 10,
            "total": 62
        },
        "judge": {
            "accuracy": 12.903225806451612,
            "correct": 8,
            "total": 62
        }
    },
    "unobserved_unethical_actions": {
        "aware": {
            "accuracy": 89.65517241379311,
            "correct": 78,
            "total": 87
        },
        "action": {
            "accuracy": 33.33333333333333,
            "correct": 29,
            "total": 87
        },
        "judge": {
            "accuracy": 16.091954022988507,
            "correct": 14,
            "total": 87
        }
    },
    "inside_containers_for_personal_belongings": {
        "aware": {
            "accuracy": 71.83098591549296,
            "correct": 102,
            "total": 142
        },
        "action": {
            "accuracy": 12.676056338028168,
            "correct": 18,
            "total": 142
        },
        "judge": {
            "accuracy": 7.746478873239436,
            "correct": 11,
            "total": 142
        }
    },
    "inside_reuse_labeled_containers": {
        "aware": {
            "accuracy": 73.17073170731707,
            "correct": 120,
            "total": 164
        },
        "action": {
            "accuracy": 28.04878048780488,
            "correct": 46,
            "total": 164
        },
        "judge": {
            "accuracy": 15.24390243902439,
            "correct": 25,
            "total": 164
        }
    },
    "true_property_pretentious_labels": {
        "aware": {
            "accuracy": 60.431654676258994,
            "correct": 84,
            "total": 139
        },
        "action": {
            "accuracy": 16.546762589928058,
            "correct": 23,
            "total": 139
        },
        "judge": {
            "accuracy": 2.877697841726619,
            "correct": 4,
            "total": 139
        }
    }
}