{
    "food_item_in_grocery_store": {
        "aware": {
            "accuracy": 97.61904761904762,
            "correct": 164,
            "total": 168
        },
        "action": {
            "accuracy": 22.61904761904762,
            "correct": 38,
            "total": 168
        },
        "judge": {
            "accuracy": 22.61904761904762,
            "correct": 38,
            "total": 168
        }
    },
    "Total": {
        "aware": {
            "accuracy": 82.82476024411508,
            "correct": 950,
            "total": 1147
        },
        "action": {
            "accuracy": 27.46294681778553,
            "correct": 315,
            "total": 1147
        },
        "judge": {
            "accuracy": 32.86835222319093,
            "correct": 377,
            "total": 1147
        },
        "Total": {
            "accuracy": 47.718686428363846,
            "correct": 1642,
            "total": 3441
        }
    },
    "behind_the_scene_service_industry": {
        "aware": {
            "accuracy": 93.27731092436974,
            "correct": 111,
            "total": 119
        },
        "action": {
            "accuracy": 40.33613445378151,
            "correct": 48,
            "total": 119
        },
        "judge": {
            "accuracy": 30.252100840336134,
            "correct": 36,
            "total": 119
        }
    },
    "hidden_body_part_feature": {
        "aware": {
            "accuracy": 91.8918918918919,
            "correct": 34,
            "total": 37
        },
        "action": {
            "accuracy": 16.216216216216218,
            "correct": 6,
            "total": 37
        },
        "judge": {
            "accuracy": 18.91891891891892,
            "correct": 7,
            "total": 37
        }
    },
    "provider_info_healthcare": {
        "aware": {
            "accuracy": 98.46153846153847,
            "correct": 128,
            "total": 130
        },
        "action": {
            "accuracy": 41.53846153846154,
            "correct": 54,
            "total": 130
        },
        "judge": {
            "accuracy": 9.230769230769232,
            "correct": 12,
            "total": 130
        }
    },
    "seller_info_in_second_hand_market": {
        "aware": {
            "accuracy": 88.88888888888889,
            "correct": 88,
            "total": 99
        },
        "action": {
            "accuracy": 28.28282828282828,
            "correct": 28,
            "total": 99
        },
        "judge": {
            "accuracy": 41.41414141414141,
            "correct": 41,
            "total": 99
        }
    },
    "locked_devices_accounts": {
        "aware": {
            "accuracy": 66.12903225806451,
            "correct": 41,
            "total": 62
        },
        "action": {
            "accuracy": 20.967741935483872,
            "correct": 13,
            "total": 62
        },
        "judge": {
            "accuracy": 51.61290322580645,
            "correct": 32,
            "total": 62
        }
    },
    "unobserved_unethical_actions": {
        "aware": {
            "accuracy": 89.65517241379311,
            "correct": 78,
            "total": 87
        },
        "action": {
            "accuracy": 35.63218390804598,
            "correct": 31,
            "total": 87
        },
        "judge": {
            "accuracy": 27.586206896551722,
            "correct": 24,
            "total": 87
        }
    },
    "inside_containers_for_personal_belongings": {
        "aware": {
            "accuracy": 71.83098591549296,
            "correct": 102,
            "total": 142
        },
        "action": {
            "accuracy": 14.084507042253522,
            "correct": 20,
            "total": 142
        },
        "judge": {
            "accuracy": 61.97183098591549,
            "correct": 88,
            "total": 142
        }
    },
    "inside_reuse_labeled_containers": {
        "aware": {
            "accuracy": 73.17073170731707,
            "correct": 120,
            "total": 164
        },
        "action": {
            "accuracy": 32.31707317073171,
            "correct": 53,
            "total": 164
        },
        "judge": {
            "accuracy": 45.73170731707317,
            "correct": 75,
            "total": 164
        }
    },
    "true_property_pretentious_labels": {
        "aware": {
            "accuracy": 60.431654676258994,
            "correct": 84,
            "total": 139
        },
        "action": {
            "accuracy": 17.26618705035971,
            "correct": 24,
            "total": 139
        },
        "judge": {
            "accuracy": 17.26618705035971,
            "correct": 24,
            "total": 139
        }
    }
}