{
    "Sally-Anne_prompt.csv": {
        "Order 1": {
            "accuracy": 100.0,
            "correct": 26,
            "total": 26
        },
        "Order 2": {
            "accuracy": 69.23076923076923,
            "correct": 18,
            "total": 26
        },
        "Order 3": {
            "accuracy": 57.692307692307686,
            "correct": 15,
            "total": 26
        }
    },
    "Total": {
        "Order 1": {
            "accuracy": 100.0,
            "correct": 26,
            "total": 26
        },
        "Order 2": {
            "accuracy": 69.23076923076923,
            "correct": 18,
            "total": 26
        },
        "Order 3": {
            "accuracy": 57.692307692307686,
            "correct": 15,
            "total": 26
        },
        "Total": {
            "accuracy": 75.64102564102564,
            "correct": 59,
            "total": 78
        }
    }
}