{
    "Sally-Anne_prompt.csv": {
        "Order 1": {
            "accuracy": 100.0,
            "correct": 26,
            "total": 26
        },
        "Order 2": {
            "accuracy": 69.23076923076923,
            "correct": 18,
            "total": 26
        },
        "Order 3": {
            "accuracy": 84.61538461538461,
            "correct": 22,
            "total": 26
        }
    },
    "Total": {
        "Order 1": {
            "accuracy": 100.0,
            "correct": 26,
            "total": 26
        },
        "Order 2": {
            "accuracy": 69.23076923076923,
            "correct": 18,
            "total": 26
        },
        "Order 3": {
            "accuracy": 84.61538461538461,
            "correct": 22,
            "total": 26
        },
        "Total": {
            "accuracy": 84.61538461538461,
            "correct": 66,
            "total": 78
        }
    }
}