{
    "Smarties_prompt.csv": {
        "Order 1": {
            "accuracy": 86.66666666666667,
            "correct": 52,
            "total": 60
        },
        "Order 2": {
            "accuracy": 55.00000000000001,
            "correct": 33,
            "total": 60
        },
        "Order 3": {
            "accuracy": 33.33333333333333,
            "correct": 20,
            "total": 60
        }
    },
    "Total": {
        "Order 1": {
            "accuracy": 91.66666666666666,
            "correct": 110,
            "total": 120
        },
        "Order 2": {
            "accuracy": 52.5,
            "correct": 63,
            "total": 120
        },
        "Order 3": {
            "accuracy": 19.166666666666668,
            "correct": 23,
            "total": 120
        },
        "Total": {
            "accuracy": 54.44444444444444,
            "correct": 196,
            "total": 360
        }
    },
    "Sally-Anne_prompt.csv": {
        "Order 1": {
            "accuracy": 96.66666666666667,
            "correct": 58,
            "total": 60
        },
        "Order 2": {
            "accuracy": 50.0,
            "correct": 30,
            "total": 60
        },
        "Order 3": {
            "accuracy": 5.0,
            "correct": 3,
            "total": 60
        }
    }
}