{
    "Smarties_prompt.csv": {
        "Order 1": {
            "accuracy": 86.66666666666667,
            "correct": 52,
            "total": 60
        },
        "Order 2": {
            "accuracy": 55.00000000000001,
            "correct": 33,
            "total": 60
        },
        "Order 3": {
            "accuracy": 68.33333333333333,
            "correct": 41,
            "total": 60
        }
    },
    "Total": {
        "Order 1": {
            "accuracy": 91.66666666666666,
            "correct": 110,
            "total": 120
        },
        "Order 2": {
            "accuracy": 52.5,
            "correct": 63,
            "total": 120
        },
        "Order 3": {
            "accuracy": 36.666666666666664,
            "correct": 44,
            "total": 120
        },
        "Total": {
            "accuracy": 60.27777777777777,
            "correct": 217,
            "total": 360
        }
    },
    "Sally-Anne_prompt.csv": {
        "Order 1": {
            "accuracy": 96.66666666666667,
            "correct": 58,
            "total": 60
        },
        "Order 2": {
            "accuracy": 50.0,
            "correct": 30,
            "total": 60
        },
        "Order 3": {
            "accuracy": 5.0,
            "correct": 3,
            "total": 60
        }
    }
}