{
    "Smarties_prompt.csv": {
        "Order 1": {
            "accuracy": 83.33333333333334,
            "correct": 50,
            "total": 60
        },
        "Order 2": {
            "accuracy": 48.333333333333336,
            "correct": 29,
            "total": 60
        },
        "Order 3": {
            "accuracy": 41.66666666666667,
            "correct": 25,
            "total": 60
        }
    },
    "Total": {
        "Order 1": {
            "accuracy": 90.83333333333333,
            "correct": 109,
            "total": 120
        },
        "Order 2": {
            "accuracy": 50.0,
            "correct": 60,
            "total": 120
        },
        "Order 3": {
            "accuracy": 21.666666666666668,
            "correct": 26,
            "total": 120
        },
        "Total": {
            "accuracy": 54.166666666666664,
            "correct": 195,
            "total": 360
        }
    },
    "Sally-Anne_prompt.csv": {
        "Order 1": {
            "accuracy": 98.33333333333333,
            "correct": 59,
            "total": 60
        },
        "Order 2": {
            "accuracy": 51.66666666666667,
            "correct": 31,
            "total": 60
        },
        "Order 3": {
            "accuracy": 1.6666666666666667,
            "correct": 1,
            "total": 60
        }
    }
}