{
    "inside_containers_for_personal_belongings": {
        "aware": {
            "accuracy": 75.35211267605634,
            "correct": 107,
            "total": 142
        },
        "action": {
            "accuracy": 19.014084507042252,
            "correct": 27,
            "total": 142
        },
        "judge": {
            "accuracy": 62.676056338028175,
            "correct": 89,
            "total": 142
        }
    },
    "Total": {
        "aware": {
            "accuracy": 80.99389712292938,
            "correct": 929,
            "total": 1147
        },
        "action": {
            "accuracy": 30.77593722755013,
            "correct": 353,
            "total": 1147
        },
        "judge": {
            "accuracy": 37.401918047079334,
            "correct": 429,
            "total": 1147
        },
        "Total": {
            "accuracy": 49.72391746585295,
            "correct": 1711,
            "total": 3441
        }
    },
    "inside_reuse_labeled_containers": {
        "aware": {
            "accuracy": 64.63414634146342,
            "correct": 106,
            "total": 164
        },
        "action": {
            "accuracy": 26.82926829268293,
            "correct": 44,
            "total": 164
        },
        "judge": {
            "accuracy": 43.292682926829265,
            "correct": 71,
            "total": 164
        }
    },
    "true_property_pretentious_labels": {
        "aware": {
            "accuracy": 58.992805755395686,
            "correct": 82,
            "total": 139
        },
        "action": {
            "accuracy": 18.705035971223023,
            "correct": 26,
            "total": 139
        },
        "judge": {
            "accuracy": 19.424460431654676,
            "correct": 27,
            "total": 139
        }
    },
    "food_item_in_grocery_store": {
        "aware": {
            "accuracy": 97.02380952380952,
            "correct": 163,
            "total": 168
        },
        "action": {
            "accuracy": 23.809523809523807,
            "correct": 40,
            "total": 168
        },
        "judge": {
            "accuracy": 26.190476190476193,
            "correct": 44,
            "total": 168
        }
    },
    "behind_the_scene_service_industry": {
        "aware": {
            "accuracy": 91.59663865546219,
            "correct": 109,
            "total": 119
        },
        "action": {
            "accuracy": 42.857142857142854,
            "correct": 51,
            "total": 119
        },
        "judge": {
            "accuracy": 36.97478991596639,
            "correct": 44,
            "total": 119
        }
    },
    "hidden_body_part_feature": {
        "aware": {
            "accuracy": 89.1891891891892,
            "correct": 33,
            "total": 37
        },
        "action": {
            "accuracy": 29.72972972972973,
            "correct": 11,
            "total": 37
        },
        "judge": {
            "accuracy": 37.83783783783784,
            "correct": 14,
            "total": 37
        }
    },
    "provider_info_healthcare": {
        "aware": {
            "accuracy": 97.6923076923077,
            "correct": 127,
            "total": 130
        },
        "action": {
            "accuracy": 48.46153846153846,
            "correct": 63,
            "total": 130
        },
        "judge": {
            "accuracy": 13.076923076923078,
            "correct": 17,
            "total": 130
        }
    },
    "seller_info_in_second_hand_market": {
        "aware": {
            "accuracy": 90.9090909090909,
            "correct": 90,
            "total": 99
        },
        "action": {
            "accuracy": 26.262626262626267,
            "correct": 26,
            "total": 99
        },
        "judge": {
            "accuracy": 44.44444444444444,
            "correct": 44,
            "total": 99
        }
    },
    "locked_devices_accounts": {
        "aware": {
            "accuracy": 61.29032258064516,
            "correct": 38,
            "total": 62
        },
        "action": {
            "accuracy": 37.096774193548384,
            "correct": 23,
            "total": 62
        },
        "judge": {
            "accuracy": 61.29032258064516,
            "correct": 38,
            "total": 62
        }
    },
    "unobserved_unethical_actions": {
        "aware": {
            "accuracy": 85.0574712643678,
            "correct": 74,
            "total": 87
        },
        "action": {
            "accuracy": 48.275862068965516,
            "correct": 42,
            "total": 87
        },
        "judge": {
            "accuracy": 47.12643678160919,
            "correct": 41,
            "total": 87
        }
    }
}