{
    "food_item_in_grocery_store": {
        "aware": {
            "accuracy": 95.83333333333334,
            "correct": 161,
            "total": 168
        },
        "action": {
            "accuracy": 11.30952380952381,
            "correct": 19,
            "total": 168
        },
        "judge": {
            "accuracy": 4.166666666666666,
            "correct": 7,
            "total": 168
        }
    },
    "Total": {
        "aware": {
            "accuracy": 86.13775065387969,
            "correct": 988,
            "total": 1147
        },
        "action": {
            "accuracy": 21.534437663469923,
            "correct": 247,
            "total": 1147
        },
        "judge": {
            "accuracy": 8.718395815170009,
            "correct": 100,
            "total": 1147
        },
        "Total": {
            "accuracy": 38.79686137750654,
            "correct": 1335,
            "total": 3441
        }
    },
    "behind_the_scene_service_industry": {
        "aware": {
            "accuracy": 92.43697478991596,
            "correct": 110,
            "total": 119
        },
        "action": {
            "accuracy": 32.773109243697476,
            "correct": 39,
            "total": 119
        },
        "judge": {
            "accuracy": 14.285714285714285,
            "correct": 17,
            "total": 119
        }
    },
    "hidden_body_part_feature": {
        "aware": {
            "accuracy": 89.1891891891892,
            "correct": 33,
            "total": 37
        },
        "action": {
            "accuracy": 18.91891891891892,
            "correct": 7,
            "total": 37
        },
        "judge": {
            "accuracy": 10.81081081081081,
            "correct": 4,
            "total": 37
        }
    },
    "provider_info_healthcare": {
        "aware": {
            "accuracy": 99.23076923076923,
            "correct": 129,
            "total": 130
        },
        "action": {
            "accuracy": 47.69230769230769,
            "correct": 62,
            "total": 130
        },
        "judge": {
            "accuracy": 7.6923076923076925,
            "correct": 10,
            "total": 130
        }
    },
    "seller_info_in_second_hand_market": {
        "aware": {
            "accuracy": 92.92929292929293,
            "correct": 92,
            "total": 99
        },
        "action": {
            "accuracy": 15.151515151515152,
            "correct": 15,
            "total": 99
        },
        "judge": {
            "accuracy": 7.07070707070707,
            "correct": 7,
            "total": 99
        }
    },
    "locked_devices_accounts": {
        "aware": {
            "accuracy": 72.58064516129032,
            "correct": 45,
            "total": 62
        },
        "action": {
            "accuracy": 17.741935483870968,
            "correct": 11,
            "total": 62
        },
        "judge": {
            "accuracy": 12.903225806451612,
            "correct": 8,
            "total": 62
        }
    },
    "unobserved_unethical_actions": {
        "aware": {
            "accuracy": 93.10344827586206,
            "correct": 81,
            "total": 87
        },
        "action": {
            "accuracy": 31.03448275862069,
            "correct": 27,
            "total": 87
        },
        "judge": {
            "accuracy": 10.344827586206897,
            "correct": 9,
            "total": 87
        }
    },
    "inside_containers_for_personal_belongings": {
        "aware": {
            "accuracy": 80.98591549295774,
            "correct": 115,
            "total": 142
        },
        "action": {
            "accuracy": 12.676056338028168,
            "correct": 18,
            "total": 142
        },
        "judge": {
            "accuracy": 8.450704225352112,
            "correct": 12,
            "total": 142
        }
    },
    "inside_reuse_labeled_containers": {
        "aware": {
            "accuracy": 84.7560975609756,
            "correct": 139,
            "total": 164
        },
        "action": {
            "accuracy": 23.170731707317074,
            "correct": 38,
            "total": 164
        },
        "judge": {
            "accuracy": 15.24390243902439,
            "correct": 25,
            "total": 164
        }
    },
    "true_property_pretentious_labels": {
        "aware": {
            "accuracy": 59.71223021582733,
            "correct": 83,
            "total": 139
        },
        "action": {
            "accuracy": 7.913669064748201,
            "correct": 11,
            "total": 139
        },
        "judge": {
            "accuracy": 0.7194244604316548,
            "correct": 1,
            "total": 139
        }
    }
}