{
    "food_item_in_grocery_store": {
        "aware": {
            "accuracy": 95.83333333333334,
            "correct": 161,
            "total": 168
        },
        "action": {
            "accuracy": 11.30952380952381,
            "correct": 19,
            "total": 168
        },
        "judge": {
            "accuracy": 14.285714285714285,
            "correct": 24,
            "total": 168
        }
    },
    "Total": {
        "aware": {
            "accuracy": 86.13775065387969,
            "correct": 988,
            "total": 1147
        },
        "action": {
            "accuracy": 22.23190932868352,
            "correct": 255,
            "total": 1147
        },
        "judge": {
            "accuracy": 29.72972972972973,
            "correct": 341,
            "total": 1147
        },
        "Total": {
            "accuracy": 46.03312990409765,
            "correct": 1584,
            "total": 3441
        }
    },
    "behind_the_scene_service_industry": {
        "aware": {
            "accuracy": 92.43697478991596,
            "correct": 110,
            "total": 119
        },
        "action": {
            "accuracy": 32.773109243697476,
            "correct": 39,
            "total": 119
        },
        "judge": {
            "accuracy": 26.89075630252101,
            "correct": 32,
            "total": 119
        }
    },
    "hidden_body_part_feature": {
        "aware": {
            "accuracy": 89.1891891891892,
            "correct": 33,
            "total": 37
        },
        "action": {
            "accuracy": 18.91891891891892,
            "correct": 7,
            "total": 37
        },
        "judge": {
            "accuracy": 21.62162162162162,
            "correct": 8,
            "total": 37
        }
    },
    "provider_info_healthcare": {
        "aware": {
            "accuracy": 99.23076923076923,
            "correct": 129,
            "total": 130
        },
        "action": {
            "accuracy": 47.69230769230769,
            "correct": 62,
            "total": 130
        },
        "judge": {
            "accuracy": 12.307692307692308,
            "correct": 16,
            "total": 130
        }
    },
    "seller_info_in_second_hand_market": {
        "aware": {
            "accuracy": 92.92929292929293,
            "correct": 92,
            "total": 99
        },
        "action": {
            "accuracy": 16.161616161616163,
            "correct": 16,
            "total": 99
        },
        "judge": {
            "accuracy": 26.262626262626267,
            "correct": 26,
            "total": 99
        }
    },
    "locked_devices_accounts": {
        "aware": {
            "accuracy": 72.58064516129032,
            "correct": 45,
            "total": 62
        },
        "action": {
            "accuracy": 19.35483870967742,
            "correct": 12,
            "total": 62
        },
        "judge": {
            "accuracy": 56.451612903225815,
            "correct": 35,
            "total": 62
        }
    },
    "unobserved_unethical_actions": {
        "aware": {
            "accuracy": 93.10344827586206,
            "correct": 81,
            "total": 87
        },
        "action": {
            "accuracy": 34.48275862068966,
            "correct": 30,
            "total": 87
        },
        "judge": {
            "accuracy": 26.436781609195403,
            "correct": 23,
            "total": 87
        }
    },
    "inside_containers_for_personal_belongings": {
        "aware": {
            "accuracy": 80.98591549295774,
            "correct": 115,
            "total": 142
        },
        "action": {
            "accuracy": 14.084507042253522,
            "correct": 20,
            "total": 142
        },
        "judge": {
            "accuracy": 58.45070422535211,
            "correct": 83,
            "total": 142
        }
    },
    "inside_reuse_labeled_containers": {
        "aware": {
            "accuracy": 84.7560975609756,
            "correct": 139,
            "total": 164
        },
        "action": {
            "accuracy": 23.78048780487805,
            "correct": 39,
            "total": 164
        },
        "judge": {
            "accuracy": 48.78048780487805,
            "correct": 80,
            "total": 164
        }
    },
    "true_property_pretentious_labels": {
        "aware": {
            "accuracy": 59.71223021582733,
            "correct": 83,
            "total": 139
        },
        "action": {
            "accuracy": 7.913669064748201,
            "correct": 11,
            "total": 139
        },
        "judge": {
            "accuracy": 10.071942446043165,
            "correct": 14,
            "total": 139
        }
    }
}