{
    "inside_containers_for_personal_belongings": {
        "aware": {
            "accuracy": 87.32394366197182,
            "correct": 124,
            "total": 142
        },
        "action": {
            "accuracy": 57.04225352112676,
            "correct": 81,
            "total": 142
        },
        "judge": {
            "accuracy": 30.28169014084507,
            "correct": 43,
            "total": 142
        }
    },
    "Total": {
        "aware": {
            "accuracy": 89.97384481255449,
            "correct": 1032,
            "total": 1147
        },
        "action": {
            "accuracy": 66.87009590235397,
            "correct": 767,
            "total": 1147
        },
        "judge": {
            "accuracy": 21.62162162162162,
            "correct": 248,
            "total": 1147
        },
        "Total": {
            "accuracy": 59.48852077884336,
            "correct": 2047,
            "total": 3441
        }
    },
    "inside_reuse_labeled_containers": {
        "aware": {
            "accuracy": 73.17073170731707,
            "correct": 120,
            "total": 164
        },
        "action": {
            "accuracy": 37.19512195121951,
            "correct": 61,
            "total": 164
        },
        "judge": {
            "accuracy": 12.804878048780488,
            "correct": 21,
            "total": 164
        }
    },
    "true_property_pretentious_labels": {
        "aware": {
            "accuracy": 72.66187050359713,
            "correct": 101,
            "total": 139
        },
        "action": {
            "accuracy": 40.28776978417266,
            "correct": 56,
            "total": 139
        },
        "judge": {
            "accuracy": 17.26618705035971,
            "correct": 24,
            "total": 139
        }
    },
    "food_item_in_grocery_store": {
        "aware": {
            "accuracy": 100.0,
            "correct": 168,
            "total": 168
        },
        "action": {
            "accuracy": 93.45238095238095,
            "correct": 157,
            "total": 168
        },
        "judge": {
            "accuracy": 28.57142857142857,
            "correct": 48,
            "total": 168
        }
    },
    "behind_the_scene_service_industry": {
        "aware": {
            "accuracy": 96.63865546218487,
            "correct": 115,
            "total": 119
        },
        "action": {
            "accuracy": 81.5126050420168,
            "correct": 97,
            "total": 119
        },
        "judge": {
            "accuracy": 19.327731092436977,
            "correct": 23,
            "total": 119
        }
    },
    "hidden_body_part_feature": {
        "aware": {
            "accuracy": 100.0,
            "correct": 37,
            "total": 37
        },
        "action": {
            "accuracy": 56.75675675675676,
            "correct": 21,
            "total": 37
        },
        "judge": {
            "accuracy": 21.62162162162162,
            "correct": 8,
            "total": 37
        }
    },
    "provider_info_healthcare": {
        "aware": {
            "accuracy": 100.0,
            "correct": 130,
            "total": 130
        },
        "action": {
            "accuracy": 90.0,
            "correct": 117,
            "total": 130
        },
        "judge": {
            "accuracy": 20.76923076923077,
            "correct": 27,
            "total": 130
        }
    },
    "seller_info_in_second_hand_market": {
        "aware": {
            "accuracy": 98.98989898989899,
            "correct": 98,
            "total": 99
        },
        "action": {
            "accuracy": 77.77777777777779,
            "correct": 77,
            "total": 99
        },
        "judge": {
            "accuracy": 27.27272727272727,
            "correct": 27,
            "total": 99
        }
    },
    "locked_devices_accounts": {
        "aware": {
            "accuracy": 85.48387096774194,
            "correct": 53,
            "total": 62
        },
        "action": {
            "accuracy": 48.38709677419355,
            "correct": 30,
            "total": 62
        },
        "judge": {
            "accuracy": 14.516129032258066,
            "correct": 9,
            "total": 62
        }
    },
    "unobserved_unethical_actions": {
        "aware": {
            "accuracy": 98.85057471264368,
            "correct": 86,
            "total": 87
        },
        "action": {
            "accuracy": 80.45977011494253,
            "correct": 70,
            "total": 87
        },
        "judge": {
            "accuracy": 20.689655172413794,
            "correct": 18,
            "total": 87
        }
    }
}