{
    "seller_info_in_second_hand_market": {
        "aware": {
            "accuracy": 91.91919191919192,
            "correct": 91,
            "total": 99
        },
        "action": {
            "accuracy": 26.262626262626267,
            "correct": 26,
            "total": 99
        },
        "judge": {
            "accuracy": 10.1010101010101,
            "correct": 10,
            "total": 99
        }
    },
    "Total": {
        "aware": {
            "accuracy": 86.6608544027899,
            "correct": 994,
            "total": 1147
        },
        "action": {
            "accuracy": 21.09851787271142,
            "correct": 242,
            "total": 1147
        },
        "judge": {
            "accuracy": 6.9747166521360064,
            "correct": 80,
            "total": 1147
        },
        "Total": {
            "accuracy": 38.244696309212436,
            "correct": 1316,
            "total": 3441
        }
    },
    "locked_devices_accounts": {
        "aware": {
            "accuracy": 74.19354838709677,
            "correct": 46,
            "total": 62
        },
        "action": {
            "accuracy": 17.741935483870968,
            "correct": 11,
            "total": 62
        },
        "judge": {
            "accuracy": 16.129032258064516,
            "correct": 10,
            "total": 62
        }
    },
    "unobserved_unethical_actions": {
        "aware": {
            "accuracy": 90.80459770114942,
            "correct": 79,
            "total": 87
        },
        "action": {
            "accuracy": 18.39080459770115,
            "correct": 16,
            "total": 87
        },
        "judge": {
            "accuracy": 5.747126436781609,
            "correct": 5,
            "total": 87
        }
    },
    "inside_containers_for_personal_belongings": {
        "aware": {
            "accuracy": 88.02816901408451,
            "correct": 125,
            "total": 142
        },
        "action": {
            "accuracy": 9.859154929577464,
            "correct": 14,
            "total": 142
        },
        "judge": {
            "accuracy": 7.042253521126761,
            "correct": 10,
            "total": 142
        }
    },
    "inside_reuse_labeled_containers": {
        "aware": {
            "accuracy": 82.92682926829268,
            "correct": 136,
            "total": 164
        },
        "action": {
            "accuracy": 27.439024390243905,
            "correct": 45,
            "total": 164
        },
        "judge": {
            "accuracy": 9.75609756097561,
            "correct": 16,
            "total": 164
        }
    },
    "true_property_pretentious_labels": {
        "aware": {
            "accuracy": 56.11510791366906,
            "correct": 78,
            "total": 139
        },
        "action": {
            "accuracy": 11.510791366906476,
            "correct": 16,
            "total": 139
        },
        "judge": {
            "accuracy": 1.4388489208633095,
            "correct": 2,
            "total": 139
        }
    },
    "food_item_in_grocery_store": {
        "aware": {
            "accuracy": 98.80952380952381,
            "correct": 166,
            "total": 168
        },
        "action": {
            "accuracy": 11.904761904761903,
            "correct": 20,
            "total": 168
        },
        "judge": {
            "accuracy": 3.571428571428571,
            "correct": 6,
            "total": 168
        }
    },
    "behind_the_scene_service_industry": {
        "aware": {
            "accuracy": 92.43697478991596,
            "correct": 110,
            "total": 119
        },
        "action": {
            "accuracy": 28.57142857142857,
            "correct": 34,
            "total": 119
        },
        "judge": {
            "accuracy": 13.445378151260504,
            "correct": 16,
            "total": 119
        }
    },
    "hidden_body_part_feature": {
        "aware": {
            "accuracy": 94.5945945945946,
            "correct": 35,
            "total": 37
        },
        "action": {
            "accuracy": 21.62162162162162,
            "correct": 8,
            "total": 37
        },
        "judge": {
            "accuracy": 13.513513513513514,
            "correct": 5,
            "total": 37
        }
    },
    "provider_info_healthcare": {
        "aware": {
            "accuracy": 98.46153846153847,
            "correct": 128,
            "total": 130
        },
        "action": {
            "accuracy": 40.0,
            "correct": 52,
            "total": 130
        },
        "judge": {
            "accuracy": 0.0,
            "correct": 0,
            "total": 130
        }
    }
}