{
    "seller_info_in_second_hand_market": {
        "aware": {
            "accuracy": 91.91919191919192,
            "correct": 91,
            "total": 99
        },
        "action": {
            "accuracy": 28.28282828282828,
            "correct": 28,
            "total": 99
        },
        "judge": {
            "accuracy": 21.21212121212121,
            "correct": 21,
            "total": 99
        }
    },
    "Total": {
        "aware": {
            "accuracy": 86.6608544027899,
            "correct": 994,
            "total": 1147
        },
        "action": {
            "accuracy": 22.23190932868352,
            "correct": 255,
            "total": 1147
        },
        "judge": {
            "accuracy": 25.196163905841324,
            "correct": 289,
            "total": 1147
        },
        "Total": {
            "accuracy": 44.696309212438244,
            "correct": 1538,
            "total": 3441
        }
    },
    "locked_devices_accounts": {
        "aware": {
            "accuracy": 74.19354838709677,
            "correct": 46,
            "total": 62
        },
        "action": {
            "accuracy": 19.35483870967742,
            "correct": 12,
            "total": 62
        },
        "judge": {
            "accuracy": 53.2258064516129,
            "correct": 33,
            "total": 62
        }
    },
    "unobserved_unethical_actions": {
        "aware": {
            "accuracy": 90.80459770114942,
            "correct": 79,
            "total": 87
        },
        "action": {
            "accuracy": 20.689655172413794,
            "correct": 18,
            "total": 87
        },
        "judge": {
            "accuracy": 26.436781609195403,
            "correct": 23,
            "total": 87
        }
    },
    "inside_containers_for_personal_belongings": {
        "aware": {
            "accuracy": 88.02816901408451,
            "correct": 125,
            "total": 142
        },
        "action": {
            "accuracy": 11.971830985915492,
            "correct": 17,
            "total": 142
        },
        "judge": {
            "accuracy": 53.52112676056338,
            "correct": 76,
            "total": 142
        }
    },
    "inside_reuse_labeled_containers": {
        "aware": {
            "accuracy": 82.92682926829268,
            "correct": 136,
            "total": 164
        },
        "action": {
            "accuracy": 29.268292682926827,
            "correct": 48,
            "total": 164
        },
        "judge": {
            "accuracy": 35.36585365853659,
            "correct": 58,
            "total": 164
        }
    },
    "true_property_pretentious_labels": {
        "aware": {
            "accuracy": 56.11510791366906,
            "correct": 78,
            "total": 139
        },
        "action": {
            "accuracy": 11.510791366906476,
            "correct": 16,
            "total": 139
        },
        "judge": {
            "accuracy": 10.79136690647482,
            "correct": 15,
            "total": 139
        }
    },
    "food_item_in_grocery_store": {
        "aware": {
            "accuracy": 98.80952380952381,
            "correct": 166,
            "total": 168
        },
        "action": {
            "accuracy": 11.904761904761903,
            "correct": 20,
            "total": 168
        },
        "judge": {
            "accuracy": 16.071428571428573,
            "correct": 27,
            "total": 168
        }
    },
    "behind_the_scene_service_industry": {
        "aware": {
            "accuracy": 92.43697478991596,
            "correct": 110,
            "total": 119
        },
        "action": {
            "accuracy": 29.411764705882355,
            "correct": 35,
            "total": 119
        },
        "judge": {
            "accuracy": 25.210084033613445,
            "correct": 30,
            "total": 119
        }
    },
    "hidden_body_part_feature": {
        "aware": {
            "accuracy": 94.5945945945946,
            "correct": 35,
            "total": 37
        },
        "action": {
            "accuracy": 21.62162162162162,
            "correct": 8,
            "total": 37
        },
        "judge": {
            "accuracy": 16.216216216216218,
            "correct": 6,
            "total": 37
        }
    },
    "provider_info_healthcare": {
        "aware": {
            "accuracy": 98.46153846153847,
            "correct": 128,
            "total": 130
        },
        "action": {
            "accuracy": 40.76923076923077,
            "correct": 53,
            "total": 130
        },
        "judge": {
            "accuracy": 0.0,
            "correct": 0,
            "total": 130
        }
    }
}