{
    "Sally-Anne_prompt.csv": {
        "Order 1": {
            "accuracy": 96.66666666666667,
            "correct": 58,
            "total": 60
        },
        "Order 2": {
            "accuracy": 91.66666666666666,
            "correct": 55,
            "total": 60
        },
        "Order 3": {
            "accuracy": 55.00000000000001,
            "correct": 33,
            "total": 60
        }
    },
    "Total": {
        "Order 1": {
            "accuracy": 90.83333333333333,
            "correct": 109,
            "total": 120
        },
        "Order 2": {
            "accuracy": 80.0,
            "correct": 96,
            "total": 120
        },
        "Order 3": {
            "accuracy": 49.166666666666664,
            "correct": 59,
            "total": 120
        },
        "Total": {
            "accuracy": 73.33333333333333,
            "correct": 264,
            "total": 360
        }
    },
    "Smarties_prompt.csv": {
        "Order 1": {
            "accuracy": 85.0,
            "correct": 51,
            "total": 60
        },
        "Order 2": {
            "accuracy": 68.33333333333333,
            "correct": 41,
            "total": 60
        },
        "Order 3": {
            "accuracy": 43.333333333333336,
            "correct": 26,
            "total": 60
        }
    }
}