{
    "food_item_in_grocery_store": {
        "aware": {
            "accuracy": 95.83333333333334,
            "correct": 161,
            "total": 168
        },
        "action": {
            "accuracy": 95.23809523809523,
            "correct": 160,
            "total": 168
        },
        "judge": {
            "accuracy": 50.0,
            "correct": 84,
            "total": 168
        }
    },
    "Total": {
        "aware": {
            "accuracy": 90.8456843940715,
            "correct": 1042,
            "total": 1147
        },
        "action": {
            "accuracy": 84.39407149084568,
            "correct": 968,
            "total": 1147
        },
        "judge": {
            "accuracy": 59.02353966870096,
            "correct": 677,
            "total": 1147
        },
        "Total": {
            "accuracy": 78.08776518453938,
            "correct": 2687,
            "total": 3441
        }
    },
    "behind_the_scene_service_industry": {
        "aware": {
            "accuracy": 96.63865546218487,
            "correct": 115,
            "total": 119
        },
        "action": {
            "accuracy": 96.63865546218487,
            "correct": 115,
            "total": 119
        },
        "judge": {
            "accuracy": 72.26890756302521,
            "correct": 86,
            "total": 119
        }
    },
    "hidden_body_part_feature": {
        "aware": {
            "accuracy": 89.1891891891892,
            "correct": 33,
            "total": 37
        },
        "action": {
            "accuracy": 70.27027027027027,
            "correct": 26,
            "total": 37
        },
        "judge": {
            "accuracy": 59.45945945945946,
            "correct": 22,
            "total": 37
        }
    },
    "provider_info_healthcare": {
        "aware": {
            "accuracy": 66.15384615384615,
            "correct": 86,
            "total": 130
        },
        "action": {
            "accuracy": 65.38461538461539,
            "correct": 85,
            "total": 130
        },
        "judge": {
            "accuracy": 23.846153846153847,
            "correct": 31,
            "total": 130
        }
    },
    "seller_info_in_second_hand_market": {
        "aware": {
            "accuracy": 95.95959595959596,
            "correct": 95,
            "total": 99
        },
        "action": {
            "accuracy": 93.93939393939394,
            "correct": 93,
            "total": 99
        },
        "judge": {
            "accuracy": 82.82828282828282,
            "correct": 82,
            "total": 99
        }
    },
    "locked_devices_accounts": {
        "aware": {
            "accuracy": 83.87096774193549,
            "correct": 52,
            "total": 62
        },
        "action": {
            "accuracy": 74.19354838709677,
            "correct": 46,
            "total": 62
        },
        "judge": {
            "accuracy": 51.61290322580645,
            "correct": 32,
            "total": 62
        }
    },
    "unobserved_unethical_actions": {
        "aware": {
            "accuracy": 98.85057471264368,
            "correct": 86,
            "total": 87
        },
        "action": {
            "accuracy": 97.70114942528735,
            "correct": 85,
            "total": 87
        },
        "judge": {
            "accuracy": 68.96551724137932,
            "correct": 60,
            "total": 87
        }
    },
    "inside_containers_for_personal_belongings": {
        "aware": {
            "accuracy": 99.29577464788733,
            "correct": 141,
            "total": 142
        },
        "action": {
            "accuracy": 90.84507042253522,
            "correct": 129,
            "total": 142
        },
        "judge": {
            "accuracy": 77.46478873239437,
            "correct": 110,
            "total": 142
        }
    },
    "inside_reuse_labeled_containers": {
        "aware": {
            "accuracy": 95.73170731707317,
            "correct": 157,
            "total": 164
        },
        "action": {
            "accuracy": 75.60975609756098,
            "correct": 124,
            "total": 164
        },
        "judge": {
            "accuracy": 61.58536585365854,
            "correct": 101,
            "total": 164
        }
    },
    "true_property_pretentious_labels": {
        "aware": {
            "accuracy": 83.45323741007195,
            "correct": 116,
            "total": 139
        },
        "action": {
            "accuracy": 75.53956834532374,
            "correct": 105,
            "total": 139
        },
        "judge": {
            "accuracy": 49.64028776978417,
            "correct": 69,
            "total": 139
        }
    }
}