{
    "food_item_in_grocery_store": {
        "aware": {
            "accuracy": 95.83333333333334,
            "correct": 161,
            "total": 168
        },
        "action": {
            "accuracy": 99.40476190476191,
            "correct": 167,
            "total": 168
        },
        "judge": {
            "accuracy": 53.57142857142857,
            "correct": 90,
            "total": 168
        }
    },
    "Total": {
        "aware": {
            "accuracy": 90.8456843940715,
            "correct": 1042,
            "total": 1147
        },
        "action": {
            "accuracy": 91.6303400174368,
            "correct": 1051,
            "total": 1147
        },
        "judge": {
            "accuracy": 66.87009590235397,
            "correct": 767,
            "total": 1147
        },
        "Total": {
            "accuracy": 83.11537343795409,
            "correct": 2860,
            "total": 3441
        }
    },
    "behind_the_scene_service_industry": {
        "aware": {
            "accuracy": 96.63865546218487,
            "correct": 115,
            "total": 119
        },
        "action": {
            "accuracy": 100.0,
            "correct": 119,
            "total": 119
        },
        "judge": {
            "accuracy": 73.10924369747899,
            "correct": 87,
            "total": 119
        }
    },
    "hidden_body_part_feature": {
        "aware": {
            "accuracy": 89.1891891891892,
            "correct": 33,
            "total": 37
        },
        "action": {
            "accuracy": 72.97297297297297,
            "correct": 27,
            "total": 37
        },
        "judge": {
            "accuracy": 67.56756756756756,
            "correct": 25,
            "total": 37
        }
    },
    "provider_info_healthcare": {
        "aware": {
            "accuracy": 66.15384615384615,
            "correct": 86,
            "total": 130
        },
        "action": {
            "accuracy": 99.23076923076923,
            "correct": 129,
            "total": 130
        },
        "judge": {
            "accuracy": 33.84615384615385,
            "correct": 44,
            "total": 130
        }
    },
    "seller_info_in_second_hand_market": {
        "aware": {
            "accuracy": 95.95959595959596,
            "correct": 95,
            "total": 99
        },
        "action": {
            "accuracy": 97.97979797979798,
            "correct": 97,
            "total": 99
        },
        "judge": {
            "accuracy": 85.85858585858585,
            "correct": 85,
            "total": 99
        }
    },
    "locked_devices_accounts": {
        "aware": {
            "accuracy": 83.87096774193549,
            "correct": 52,
            "total": 62
        },
        "action": {
            "accuracy": 87.09677419354838,
            "correct": 54,
            "total": 62
        },
        "judge": {
            "accuracy": 67.74193548387096,
            "correct": 42,
            "total": 62
        }
    },
    "unobserved_unethical_actions": {
        "aware": {
            "accuracy": 98.85057471264368,
            "correct": 86,
            "total": 87
        },
        "action": {
            "accuracy": 98.85057471264368,
            "correct": 86,
            "total": 87
        },
        "judge": {
            "accuracy": 71.26436781609196,
            "correct": 62,
            "total": 87
        }
    },
    "inside_containers_for_personal_belongings": {
        "aware": {
            "accuracy": 99.29577464788733,
            "correct": 141,
            "total": 142
        },
        "action": {
            "accuracy": 91.54929577464789,
            "correct": 130,
            "total": 142
        },
        "judge": {
            "accuracy": 85.2112676056338,
            "correct": 121,
            "total": 142
        }
    },
    "inside_reuse_labeled_containers": {
        "aware": {
            "accuracy": 95.73170731707317,
            "correct": 157,
            "total": 164
        },
        "action": {
            "accuracy": 78.04878048780488,
            "correct": 128,
            "total": 164
        },
        "judge": {
            "accuracy": 78.04878048780488,
            "correct": 128,
            "total": 164
        }
    },
    "true_property_pretentious_labels": {
        "aware": {
            "accuracy": 83.45323741007195,
            "correct": 116,
            "total": 139
        },
        "action": {
            "accuracy": 82.01438848920863,
            "correct": 114,
            "total": 139
        },
        "judge": {
            "accuracy": 59.71223021582733,
            "correct": 83,
            "total": 139
        }
    }
}