{
    "Smarties_prompt.csv": {
        "Order 1": {
            "accuracy": 93.33333333333333,
            "correct": 56,
            "total": 60
        },
        "Order 2": {
            "accuracy": 35.0,
            "correct": 21,
            "total": 60
        },
        "Order 3": {
            "accuracy": 33.33333333333333,
            "correct": 20,
            "total": 60
        }
    },
    "Total": {
        "Order 1": {
            "accuracy": 96.66666666666667,
            "correct": 116,
            "total": 120
        },
        "Order 2": {
            "accuracy": 50.0,
            "correct": 60,
            "total": 120
        },
        "Order 3": {
            "accuracy": 45.83333333333333,
            "correct": 55,
            "total": 120
        },
        "Total": {
            "accuracy": 64.16666666666667,
            "correct": 231,
            "total": 360
        }
    },
    "Sally-Anne_prompt.csv": {
        "Order 1": {
            "accuracy": 100.0,
            "correct": 60,
            "total": 60
        },
        "Order 2": {
            "accuracy": 65.0,
            "correct": 39,
            "total": 60
        },
        "Order 3": {
            "accuracy": 58.333333333333336,
            "correct": 35,
            "total": 60
        }
    }
}