{
    "Smarties_prompt.csv": {
        "Order 1": {
            "accuracy": 93.33333333333333,
            "correct": 56,
            "total": 60
        },
        "Order 2": {
            "accuracy": 36.666666666666664,
            "correct": 22,
            "total": 60
        },
        "Order 3": {
            "accuracy": 93.33333333333333,
            "correct": 56,
            "total": 60
        }
    },
    "Total": {
        "Order 1": {
            "accuracy": 96.66666666666667,
            "correct": 116,
            "total": 120
        },
        "Order 2": {
            "accuracy": 50.83333333333333,
            "correct": 61,
            "total": 120
        },
        "Order 3": {
            "accuracy": 91.66666666666666,
            "correct": 110,
            "total": 120
        },
        "Total": {
            "accuracy": 79.72222222222223,
            "correct": 287,
            "total": 360
        }
    },
    "Sally-Anne_prompt.csv": {
        "Order 1": {
            "accuracy": 100.0,
            "correct": 60,
            "total": 60
        },
        "Order 2": {
            "accuracy": 65.0,
            "correct": 39,
            "total": 60
        },
        "Order 3": {
            "accuracy": 90.0,
            "correct": 54,
            "total": 60
        }
    }
}