{
    "Smarties_prompt.csv": {
        "Order 1": {
            "accuracy": 90.0,
            "correct": 54,
            "total": 60
        },
        "Order 2": {
            "accuracy": 43.333333333333336,
            "correct": 26,
            "total": 60
        },
        "Order 3": {
            "accuracy": 85.0,
            "correct": 51,
            "total": 60
        }
    },
    "Total": {
        "Order 1": {
            "accuracy": 93.33333333333333,
            "correct": 112,
            "total": 120
        },
        "Order 2": {
            "accuracy": 46.666666666666664,
            "correct": 56,
            "total": 120
        },
        "Order 3": {
            "accuracy": 44.166666666666664,
            "correct": 53,
            "total": 120
        },
        "Total": {
            "accuracy": 61.38888888888889,
            "correct": 221,
            "total": 360
        }
    },
    "Sally-Anne_prompt.csv": {
        "Order 1": {
            "accuracy": 96.66666666666667,
            "correct": 58,
            "total": 60
        },
        "Order 2": {
            "accuracy": 50.0,
            "correct": 30,
            "total": 60
        },
        "Order 3": {
            "accuracy": 3.3333333333333335,
            "correct": 2,
            "total": 60
        }
    }
}