{
    "seller_info_in_second_hand_market": {
        "aware": {
            "accuracy": 57.57575757575758,
            "correct": 57,
            "total": 99
        },
        "action": {
            "accuracy": 56.56565656565656,
            "correct": 56,
            "total": 99
        },
        "judge": {
            "accuracy": 52.52525252525253,
            "correct": 52,
            "total": 99
        }
    },
    "Total": {
        "aware": {
            "accuracy": 59.54664341761116,
            "correct": 683,
            "total": 1147
        },
        "action": {
            "accuracy": 51.87445510026155,
            "correct": 595,
            "total": 1147
        },
        "judge": {
            "accuracy": 40.71490845684394,
            "correct": 467,
            "total": 1147
        },
        "Total": {
            "accuracy": 50.71200232490555,
            "correct": 1745,
            "total": 3441
        }
    },
    "locked_devices_accounts": {
        "aware": {
            "accuracy": 62.903225806451616,
            "correct": 39,
            "total": 62
        },
        "action": {
            "accuracy": 50.0,
            "correct": 31,
            "total": 62
        },
        "judge": {
            "accuracy": 45.16129032258064,
            "correct": 28,
            "total": 62
        }
    },
    "unobserved_unethical_actions": {
        "aware": {
            "accuracy": 60.91954022988506,
            "correct": 53,
            "total": 87
        },
        "action": {
            "accuracy": 59.77011494252874,
            "correct": 52,
            "total": 87
        },
        "judge": {
            "accuracy": 48.275862068965516,
            "correct": 42,
            "total": 87
        }
    },
    "inside_containers_for_personal_belongings": {
        "aware": {
            "accuracy": 70.4225352112676,
            "correct": 100,
            "total": 142
        },
        "action": {
            "accuracy": 64.08450704225352,
            "correct": 91,
            "total": 142
        },
        "judge": {
            "accuracy": 61.97183098591549,
            "correct": 88,
            "total": 142
        }
    },
    "inside_reuse_labeled_containers": {
        "aware": {
            "accuracy": 60.97560975609756,
            "correct": 100,
            "total": 164
        },
        "action": {
            "accuracy": 43.292682926829265,
            "correct": 71,
            "total": 164
        },
        "judge": {
            "accuracy": 38.41463414634146,
            "correct": 63,
            "total": 164
        }
    },
    "true_property_pretentious_labels": {
        "aware": {
            "accuracy": 60.431654676258994,
            "correct": 84,
            "total": 139
        },
        "action": {
            "accuracy": 48.201438848920866,
            "correct": 67,
            "total": 139
        },
        "judge": {
            "accuracy": 35.97122302158273,
            "correct": 50,
            "total": 139
        }
    },
    "food_item_in_grocery_store": {
        "aware": {
            "accuracy": 50.0,
            "correct": 84,
            "total": 168
        },
        "action": {
            "accuracy": 48.214285714285715,
            "correct": 81,
            "total": 168
        },
        "judge": {
            "accuracy": 35.714285714285715,
            "correct": 60,
            "total": 168
        }
    },
    "behind_the_scene_service_industry": {
        "aware": {
            "accuracy": 57.14285714285714,
            "correct": 68,
            "total": 119
        },
        "action": {
            "accuracy": 54.621848739495796,
            "correct": 65,
            "total": 119
        },
        "judge": {
            "accuracy": 44.537815126050425,
            "correct": 53,
            "total": 119
        }
    },
    "hidden_body_part_feature": {
        "aware": {
            "accuracy": 59.45945945945946,
            "correct": 22,
            "total": 37
        },
        "action": {
            "accuracy": 45.94594594594595,
            "correct": 17,
            "total": 37
        },
        "judge": {
            "accuracy": 43.24324324324324,
            "correct": 16,
            "total": 37
        }
    },
    "provider_info_healthcare": {
        "aware": {
            "accuracy": 58.46153846153847,
            "correct": 76,
            "total": 130
        },
        "action": {
            "accuracy": 49.23076923076923,
            "correct": 64,
            "total": 130
        },
        "judge": {
            "accuracy": 11.538461538461538,
            "correct": 15,
            "total": 130
        }
    }
}