{
    "seller_info_in_second_hand_market": {
        "aware": {
            "accuracy": 57.57575757575758,
            "correct": 57,
            "total": 99
        },
        "action": {
            "accuracy": 96.96969696969697,
            "correct": 96,
            "total": 99
        },
        "judge": {
            "accuracy": 92.92929292929293,
            "correct": 92,
            "total": 99
        }
    },
    "Total": {
        "aware": {
            "accuracy": 59.54664341761116,
            "correct": 683,
            "total": 1147
        },
        "action": {
            "accuracy": 87.09677419354838,
            "correct": 999,
            "total": 1147
        },
        "judge": {
            "accuracy": 76.19877942458587,
            "correct": 874,
            "total": 1147
        },
        "Total": {
            "accuracy": 74.28073234524848,
            "correct": 2556,
            "total": 3441
        }
    },
    "locked_devices_accounts": {
        "aware": {
            "accuracy": 62.903225806451616,
            "correct": 39,
            "total": 62
        },
        "action": {
            "accuracy": 83.87096774193549,
            "correct": 52,
            "total": 62
        },
        "judge": {
            "accuracy": 87.09677419354838,
            "correct": 54,
            "total": 62
        }
    },
    "unobserved_unethical_actions": {
        "aware": {
            "accuracy": 60.91954022988506,
            "correct": 53,
            "total": 87
        },
        "action": {
            "accuracy": 96.55172413793103,
            "correct": 84,
            "total": 87
        },
        "judge": {
            "accuracy": 81.60919540229885,
            "correct": 71,
            "total": 87
        }
    },
    "inside_containers_for_personal_belongings": {
        "aware": {
            "accuracy": 70.4225352112676,
            "correct": 100,
            "total": 142
        },
        "action": {
            "accuracy": 90.84507042253522,
            "correct": 129,
            "total": 142
        },
        "judge": {
            "accuracy": 95.07042253521126,
            "correct": 135,
            "total": 142
        }
    },
    "inside_reuse_labeled_containers": {
        "aware": {
            "accuracy": 60.97560975609756,
            "correct": 100,
            "total": 164
        },
        "action": {
            "accuracy": 70.1219512195122,
            "correct": 115,
            "total": 164
        },
        "judge": {
            "accuracy": 87.8048780487805,
            "correct": 144,
            "total": 164
        }
    },
    "true_property_pretentious_labels": {
        "aware": {
            "accuracy": 60.431654676258994,
            "correct": 84,
            "total": 139
        },
        "action": {
            "accuracy": 77.6978417266187,
            "correct": 108,
            "total": 139
        },
        "judge": {
            "accuracy": 69.06474820143885,
            "correct": 96,
            "total": 139
        }
    },
    "food_item_in_grocery_store": {
        "aware": {
            "accuracy": 50.0,
            "correct": 84,
            "total": 168
        },
        "action": {
            "accuracy": 95.23809523809523,
            "correct": 160,
            "total": 168
        },
        "judge": {
            "accuracy": 72.61904761904762,
            "correct": 122,
            "total": 168
        }
    },
    "behind_the_scene_service_industry": {
        "aware": {
            "accuracy": 57.14285714285714,
            "correct": 68,
            "total": 119
        },
        "action": {
            "accuracy": 97.47899159663865,
            "correct": 116,
            "total": 119
        },
        "judge": {
            "accuracy": 83.19327731092437,
            "correct": 99,
            "total": 119
        }
    },
    "hidden_body_part_feature": {
        "aware": {
            "accuracy": 59.45945945945946,
            "correct": 22,
            "total": 37
        },
        "action": {
            "accuracy": 81.08108108108108,
            "correct": 30,
            "total": 37
        },
        "judge": {
            "accuracy": 81.08108108108108,
            "correct": 30,
            "total": 37
        }
    },
    "provider_info_healthcare": {
        "aware": {
            "accuracy": 58.46153846153847,
            "correct": 76,
            "total": 130
        },
        "action": {
            "accuracy": 83.84615384615385,
            "correct": 109,
            "total": 130
        },
        "judge": {
            "accuracy": 23.846153846153847,
            "correct": 31,
            "total": 130
        }
    }
}