{
    "Smarties_prompt.csv": {
        "Order 1": {
            "accuracy": 100.0,
            "correct": 60,
            "total": 60
        },
        "Order 2": {
            "accuracy": 53.333333333333336,
            "correct": 32,
            "total": 60
        },
        "Order 3": {
            "accuracy": 91.66666666666666,
            "correct": 55,
            "total": 60
        }
    },
    "Total": {
        "Order 1": {
            "accuracy": 100.0,
            "correct": 120,
            "total": 120
        },
        "Order 2": {
            "accuracy": 50.83333333333333,
            "correct": 61,
            "total": 120
        },
        "Order 3": {
            "accuracy": 59.166666666666664,
            "correct": 71,
            "total": 120
        },
        "Total": {
            "accuracy": 70.0,
            "correct": 252,
            "total": 360
        }
    },
    "Sally-Anne_prompt.csv": {
        "Order 1": {
            "accuracy": 100.0,
            "correct": 60,
            "total": 60
        },
        "Order 2": {
            "accuracy": 48.333333333333336,
            "correct": 29,
            "total": 60
        },
        "Order 3": {
            "accuracy": 26.666666666666668,
            "correct": 16,
            "total": 60
        }
    }
}