{
    "seller_info_in_second_hand_market": {
        "aware": {
            "accuracy": 100.0,
            "correct": 99,
            "total": 99
        },
        "action": {
            "accuracy": 43.43434343434344,
            "correct": 43,
            "total": 99
        },
        "judge": {
            "accuracy": 10.1010101010101,
            "correct": 10,
            "total": 99
        }
    },
    "Total": {
        "aware": {
            "accuracy": 91.8918918918919,
            "correct": 1054,
            "total": 1147
        },
        "action": {
            "accuracy": 27.811682650392328,
            "correct": 319,
            "total": 1147
        },
        "judge": {
            "accuracy": 7.672188317349608,
            "correct": 88,
            "total": 1147
        },
        "Total": {
            "accuracy": 42.45858761987794,
            "correct": 1461,
            "total": 3441
        }
    },
    "locked_devices_accounts": {
        "aware": {
            "accuracy": 88.70967741935483,
            "correct": 55,
            "total": 62
        },
        "action": {
            "accuracy": 27.419354838709676,
            "correct": 17,
            "total": 62
        },
        "judge": {
            "accuracy": 14.516129032258066,
            "correct": 9,
            "total": 62
        }
    },
    "unobserved_unethical_actions": {
        "aware": {
            "accuracy": 97.70114942528735,
            "correct": 85,
            "total": 87
        },
        "action": {
            "accuracy": 47.12643678160919,
            "correct": 41,
            "total": 87
        },
        "judge": {
            "accuracy": 10.344827586206897,
            "correct": 9,
            "total": 87
        }
    },
    "inside_containers_for_personal_belongings": {
        "aware": {
            "accuracy": 95.77464788732394,
            "correct": 136,
            "total": 142
        },
        "action": {
            "accuracy": 13.380281690140844,
            "correct": 19,
            "total": 142
        },
        "judge": {
            "accuracy": 8.450704225352112,
            "correct": 12,
            "total": 142
        }
    },
    "inside_reuse_labeled_containers": {
        "aware": {
            "accuracy": 87.8048780487805,
            "correct": 144,
            "total": 164
        },
        "action": {
            "accuracy": 16.463414634146343,
            "correct": 27,
            "total": 164
        },
        "judge": {
            "accuracy": 11.585365853658537,
            "correct": 19,
            "total": 164
        }
    },
    "true_property_pretentious_labels": {
        "aware": {
            "accuracy": 70.50359712230215,
            "correct": 98,
            "total": 139
        },
        "action": {
            "accuracy": 17.26618705035971,
            "correct": 24,
            "total": 139
        },
        "judge": {
            "accuracy": 2.158273381294964,
            "correct": 3,
            "total": 139
        }
    },
    "food_item_in_grocery_store": {
        "aware": {
            "accuracy": 94.64285714285714,
            "correct": 159,
            "total": 168
        },
        "action": {
            "accuracy": 25.595238095238095,
            "correct": 43,
            "total": 168
        },
        "judge": {
            "accuracy": 4.166666666666666,
            "correct": 7,
            "total": 168
        }
    },
    "behind_the_scene_service_industry": {
        "aware": {
            "accuracy": 95.7983193277311,
            "correct": 114,
            "total": 119
        },
        "action": {
            "accuracy": 37.81512605042017,
            "correct": 45,
            "total": 119
        },
        "judge": {
            "accuracy": 9.243697478991598,
            "correct": 11,
            "total": 119
        }
    },
    "hidden_body_part_feature": {
        "aware": {
            "accuracy": 97.2972972972973,
            "correct": 36,
            "total": 37
        },
        "action": {
            "accuracy": 16.216216216216218,
            "correct": 6,
            "total": 37
        },
        "judge": {
            "accuracy": 8.108108108108109,
            "correct": 3,
            "total": 37
        }
    },
    "provider_info_healthcare": {
        "aware": {
            "accuracy": 98.46153846153847,
            "correct": 128,
            "total": 130
        },
        "action": {
            "accuracy": 41.53846153846154,
            "correct": 54,
            "total": 130
        },
        "judge": {
            "accuracy": 3.8461538461538463,
            "correct": 5,
            "total": 130
        }
    }
}