{
    "seller_info_in_second_hand_market": {
        "aware": {
            "accuracy": 100.0,
            "correct": 99,
            "total": 99
        },
        "action": {
            "accuracy": 43.43434343434344,
            "correct": 43,
            "total": 99
        },
        "judge": {
            "accuracy": 22.22222222222222,
            "correct": 22,
            "total": 99
        }
    },
    "Total": {
        "aware": {
            "accuracy": 91.8918918918919,
            "correct": 1054,
            "total": 1147
        },
        "action": {
            "accuracy": 29.11944202266783,
            "correct": 334,
            "total": 1147
        },
        "judge": {
            "accuracy": 22.58064516129032,
            "correct": 259,
            "total": 1147
        },
        "Total": {
            "accuracy": 47.86399302528335,
            "correct": 1647,
            "total": 3441
        }
    },
    "locked_devices_accounts": {
        "aware": {
            "accuracy": 88.70967741935483,
            "correct": 55,
            "total": 62
        },
        "action": {
            "accuracy": 29.03225806451613,
            "correct": 18,
            "total": 62
        },
        "judge": {
            "accuracy": 37.096774193548384,
            "correct": 23,
            "total": 62
        }
    },
    "unobserved_unethical_actions": {
        "aware": {
            "accuracy": 97.70114942528735,
            "correct": 85,
            "total": 87
        },
        "action": {
            "accuracy": 48.275862068965516,
            "correct": 42,
            "total": 87
        },
        "judge": {
            "accuracy": 12.643678160919542,
            "correct": 11,
            "total": 87
        }
    },
    "inside_containers_for_personal_belongings": {
        "aware": {
            "accuracy": 95.77464788732394,
            "correct": 136,
            "total": 142
        },
        "action": {
            "accuracy": 13.380281690140844,
            "correct": 19,
            "total": 142
        },
        "judge": {
            "accuracy": 46.478873239436616,
            "correct": 66,
            "total": 142
        }
    },
    "inside_reuse_labeled_containers": {
        "aware": {
            "accuracy": 87.8048780487805,
            "correct": 144,
            "total": 164
        },
        "action": {
            "accuracy": 18.902439024390244,
            "correct": 31,
            "total": 164
        },
        "judge": {
            "accuracy": 39.63414634146341,
            "correct": 65,
            "total": 164
        }
    },
    "true_property_pretentious_labels": {
        "aware": {
            "accuracy": 70.50359712230215,
            "correct": 98,
            "total": 139
        },
        "action": {
            "accuracy": 20.14388489208633,
            "correct": 28,
            "total": 139
        },
        "judge": {
            "accuracy": 12.23021582733813,
            "correct": 17,
            "total": 139
        }
    },
    "food_item_in_grocery_store": {
        "aware": {
            "accuracy": 94.64285714285714,
            "correct": 159,
            "total": 168
        },
        "action": {
            "accuracy": 27.380952380952383,
            "correct": 46,
            "total": 168
        },
        "judge": {
            "accuracy": 8.333333333333332,
            "correct": 14,
            "total": 168
        }
    },
    "behind_the_scene_service_industry": {
        "aware": {
            "accuracy": 95.7983193277311,
            "correct": 114,
            "total": 119
        },
        "action": {
            "accuracy": 38.655462184873954,
            "correct": 46,
            "total": 119
        },
        "judge": {
            "accuracy": 19.327731092436977,
            "correct": 23,
            "total": 119
        }
    },
    "hidden_body_part_feature": {
        "aware": {
            "accuracy": 97.2972972972973,
            "correct": 36,
            "total": 37
        },
        "action": {
            "accuracy": 16.216216216216218,
            "correct": 6,
            "total": 37
        },
        "judge": {
            "accuracy": 13.513513513513514,
            "correct": 5,
            "total": 37
        }
    },
    "provider_info_healthcare": {
        "aware": {
            "accuracy": 98.46153846153847,
            "correct": 128,
            "total": 130
        },
        "action": {
            "accuracy": 42.30769230769231,
            "correct": 55,
            "total": 130
        },
        "judge": {
            "accuracy": 10.0,
            "correct": 13,
            "total": 130
        }
    }
}