{
    "Smarties_prompt.csv": {
        "Order 1": {
            "accuracy": 95.0,
            "correct": 57,
            "total": 60
        },
        "Order 2": {
            "accuracy": 48.333333333333336,
            "correct": 29,
            "total": 60
        },
        "Order 3": {
            "accuracy": 33.33333333333333,
            "correct": 20,
            "total": 60
        }
    },
    "Total": {
        "Order 1": {
            "accuracy": 96.66666666666667,
            "correct": 116,
            "total": 120
        },
        "Order 2": {
            "accuracy": 49.166666666666664,
            "correct": 59,
            "total": 120
        },
        "Order 3": {
            "accuracy": 16.666666666666664,
            "correct": 20,
            "total": 120
        },
        "Total": {
            "accuracy": 54.166666666666664,
            "correct": 195,
            "total": 360
        }
    },
    "Sally-Anne_prompt.csv": {
        "Order 1": {
            "accuracy": 98.33333333333333,
            "correct": 59,
            "total": 60
        },
        "Order 2": {
            "accuracy": 50.0,
            "correct": 30,
            "total": 60
        },
        "Order 3": {
            "accuracy": 0.0,
            "correct": 0,
            "total": 60
        }
    }
}