{
    "seller_info_in_second_hand_market": {
        "aware": {
            "accuracy": 90.9090909090909,
            "correct": 90,
            "total": 99
        },
        "action": {
            "accuracy": 32.323232323232325,
            "correct": 32,
            "total": 99
        },
        "judge": {
            "accuracy": 20.2020202020202,
            "correct": 20,
            "total": 99
        }
    },
    "Total": {
        "aware": {
            "accuracy": 88.14298169136879,
            "correct": 1011,
            "total": 1147
        },
        "action": {
            "accuracy": 28.85789014821273,
            "correct": 331,
            "total": 1147
        },
        "judge": {
            "accuracy": 15.170008718395817,
            "correct": 174,
            "total": 1147
        },
        "Total": {
            "accuracy": 44.056960185992445,
            "correct": 1516,
            "total": 3441
        }
    },
    "locked_devices_accounts": {
        "aware": {
            "accuracy": 79.03225806451613,
            "correct": 49,
            "total": 62
        },
        "action": {
            "accuracy": 33.87096774193548,
            "correct": 21,
            "total": 62
        },
        "judge": {
            "accuracy": 24.193548387096776,
            "correct": 15,
            "total": 62
        }
    },
    "unobserved_unethical_actions": {
        "aware": {
            "accuracy": 79.3103448275862,
            "correct": 69,
            "total": 87
        },
        "action": {
            "accuracy": 20.689655172413794,
            "correct": 18,
            "total": 87
        },
        "judge": {
            "accuracy": 11.494252873563218,
            "correct": 10,
            "total": 87
        }
    },
    "inside_containers_for_personal_belongings": {
        "aware": {
            "accuracy": 89.43661971830986,
            "correct": 127,
            "total": 142
        },
        "action": {
            "accuracy": 25.352112676056336,
            "correct": 36,
            "total": 142
        },
        "judge": {
            "accuracy": 11.971830985915492,
            "correct": 17,
            "total": 142
        }
    },
    "inside_reuse_labeled_containers": {
        "aware": {
            "accuracy": 76.82926829268293,
            "correct": 126,
            "total": 164
        },
        "action": {
            "accuracy": 20.121951219512198,
            "correct": 33,
            "total": 164
        },
        "judge": {
            "accuracy": 8.536585365853659,
            "correct": 14,
            "total": 164
        }
    },
    "true_property_pretentious_labels": {
        "aware": {
            "accuracy": 79.13669064748201,
            "correct": 110,
            "total": 139
        },
        "action": {
            "accuracy": 20.863309352517987,
            "correct": 29,
            "total": 139
        },
        "judge": {
            "accuracy": 7.913669064748201,
            "correct": 11,
            "total": 139
        }
    },
    "food_item_in_grocery_store": {
        "aware": {
            "accuracy": 95.23809523809523,
            "correct": 160,
            "total": 168
        },
        "action": {
            "accuracy": 32.142857142857146,
            "correct": 54,
            "total": 168
        },
        "judge": {
            "accuracy": 19.047619047619047,
            "correct": 32,
            "total": 168
        }
    },
    "behind_the_scene_service_industry": {
        "aware": {
            "accuracy": 98.31932773109243,
            "correct": 117,
            "total": 119
        },
        "action": {
            "accuracy": 36.97478991596639,
            "correct": 44,
            "total": 119
        },
        "judge": {
            "accuracy": 20.168067226890756,
            "correct": 24,
            "total": 119
        }
    },
    "hidden_body_part_feature": {
        "aware": {
            "accuracy": 94.5945945945946,
            "correct": 35,
            "total": 37
        },
        "action": {
            "accuracy": 32.432432432432435,
            "correct": 12,
            "total": 37
        },
        "judge": {
            "accuracy": 10.81081081081081,
            "correct": 4,
            "total": 37
        }
    },
    "provider_info_healthcare": {
        "aware": {
            "accuracy": 98.46153846153847,
            "correct": 128,
            "total": 130
        },
        "action": {
            "accuracy": 40.0,
            "correct": 52,
            "total": 130
        },
        "judge": {
            "accuracy": 20.76923076923077,
            "correct": 27,
            "total": 130
        }
    }
}