{
    "seller_info_in_second_hand_market": {
        "aware": {
            "accuracy": 90.9090909090909,
            "correct": 90,
            "total": 99
        },
        "action": {
            "accuracy": 33.33333333333333,
            "correct": 33,
            "total": 99
        },
        "judge": {
            "accuracy": 58.58585858585859,
            "correct": 58,
            "total": 99
        }
    },
    "Total": {
        "aware": {
            "accuracy": 88.14298169136879,
            "correct": 1011,
            "total": 1147
        },
        "action": {
            "accuracy": 30.77593722755013,
            "correct": 353,
            "total": 1147
        },
        "judge": {
            "accuracy": 50.30514385353095,
            "correct": 577,
            "total": 1147
        },
        "Total": {
            "accuracy": 56.40802092414996,
            "correct": 1941,
            "total": 3441
        }
    },
    "locked_devices_accounts": {
        "aware": {
            "accuracy": 79.03225806451613,
            "correct": 49,
            "total": 62
        },
        "action": {
            "accuracy": 38.70967741935484,
            "correct": 24,
            "total": 62
        },
        "judge": {
            "accuracy": 66.12903225806451,
            "correct": 41,
            "total": 62
        }
    },
    "unobserved_unethical_actions": {
        "aware": {
            "accuracy": 79.3103448275862,
            "correct": 69,
            "total": 87
        },
        "action": {
            "accuracy": 28.735632183908045,
            "correct": 25,
            "total": 87
        },
        "judge": {
            "accuracy": 52.87356321839081,
            "correct": 46,
            "total": 87
        }
    },
    "inside_containers_for_personal_belongings": {
        "aware": {
            "accuracy": 89.43661971830986,
            "correct": 127,
            "total": 142
        },
        "action": {
            "accuracy": 26.76056338028169,
            "correct": 38,
            "total": 142
        },
        "judge": {
            "accuracy": 48.59154929577465,
            "correct": 69,
            "total": 142
        }
    },
    "inside_reuse_labeled_containers": {
        "aware": {
            "accuracy": 76.82926829268293,
            "correct": 126,
            "total": 164
        },
        "action": {
            "accuracy": 23.170731707317074,
            "correct": 38,
            "total": 164
        },
        "judge": {
            "accuracy": 43.292682926829265,
            "correct": 71,
            "total": 164
        }
    },
    "true_property_pretentious_labels": {
        "aware": {
            "accuracy": 79.13669064748201,
            "correct": 110,
            "total": 139
        },
        "action": {
            "accuracy": 23.021582733812952,
            "correct": 32,
            "total": 139
        },
        "judge": {
            "accuracy": 48.201438848920866,
            "correct": 67,
            "total": 139
        }
    },
    "food_item_in_grocery_store": {
        "aware": {
            "accuracy": 95.23809523809523,
            "correct": 160,
            "total": 168
        },
        "action": {
            "accuracy": 32.73809523809524,
            "correct": 55,
            "total": 168
        },
        "judge": {
            "accuracy": 49.404761904761905,
            "correct": 83,
            "total": 168
        }
    },
    "behind_the_scene_service_industry": {
        "aware": {
            "accuracy": 98.31932773109243,
            "correct": 117,
            "total": 119
        },
        "action": {
            "accuracy": 36.97478991596639,
            "correct": 44,
            "total": 119
        },
        "judge": {
            "accuracy": 49.57983193277311,
            "correct": 59,
            "total": 119
        }
    },
    "hidden_body_part_feature": {
        "aware": {
            "accuracy": 94.5945945945946,
            "correct": 35,
            "total": 37
        },
        "action": {
            "accuracy": 32.432432432432435,
            "correct": 12,
            "total": 37
        },
        "judge": {
            "accuracy": 48.64864864864865,
            "correct": 18,
            "total": 37
        }
    },
    "provider_info_healthcare": {
        "aware": {
            "accuracy": 98.46153846153847,
            "correct": 128,
            "total": 130
        },
        "action": {
            "accuracy": 40.0,
            "correct": 52,
            "total": 130
        },
        "judge": {
            "accuracy": 50.0,
            "correct": 65,
            "total": 130
        }
    }
}