{
    "food_item_in_grocery_store": {
        "aware": {
            "accuracy": 98.80952380952381,
            "correct": 166,
            "total": 168
        },
        "action": {
            "accuracy": 11.30952380952381,
            "correct": 19,
            "total": 168
        },
        "judge": {
            "accuracy": 3.571428571428571,
            "correct": 6,
            "total": 168
        }
    },
    "Total": {
        "aware": {
            "accuracy": 86.83522231909329,
            "correct": 996,
            "total": 1147
        },
        "action": {
            "accuracy": 20.662598081952922,
            "correct": 237,
            "total": 1147
        },
        "judge": {
            "accuracy": 7.323452484742806,
            "correct": 84,
            "total": 1147
        },
        "Total": {
            "accuracy": 38.273757628596336,
            "correct": 1317,
            "total": 3441
        }
    },
    "behind_the_scene_service_industry": {
        "aware": {
            "accuracy": 93.27731092436974,
            "correct": 111,
            "total": 119
        },
        "action": {
            "accuracy": 29.411764705882355,
            "correct": 35,
            "total": 119
        },
        "judge": {
            "accuracy": 8.403361344537815,
            "correct": 10,
            "total": 119
        }
    },
    "hidden_body_part_feature": {
        "aware": {
            "accuracy": 91.8918918918919,
            "correct": 34,
            "total": 37
        },
        "action": {
            "accuracy": 16.216216216216218,
            "correct": 6,
            "total": 37
        },
        "judge": {
            "accuracy": 10.81081081081081,
            "correct": 4,
            "total": 37
        }
    },
    "provider_info_healthcare": {
        "aware": {
            "accuracy": 99.23076923076923,
            "correct": 129,
            "total": 130
        },
        "action": {
            "accuracy": 38.46153846153847,
            "correct": 50,
            "total": 130
        },
        "judge": {
            "accuracy": 1.5384615384615385,
            "correct": 2,
            "total": 130
        }
    },
    "seller_info_in_second_hand_market": {
        "aware": {
            "accuracy": 93.93939393939394,
            "correct": 93,
            "total": 99
        },
        "action": {
            "accuracy": 23.232323232323232,
            "correct": 23,
            "total": 99
        },
        "judge": {
            "accuracy": 12.121212121212121,
            "correct": 12,
            "total": 99
        }
    },
    "locked_devices_accounts": {
        "aware": {
            "accuracy": 70.96774193548387,
            "correct": 44,
            "total": 62
        },
        "action": {
            "accuracy": 22.58064516129032,
            "correct": 14,
            "total": 62
        },
        "judge": {
            "accuracy": 16.129032258064516,
            "correct": 10,
            "total": 62
        }
    },
    "unobserved_unethical_actions": {
        "aware": {
            "accuracy": 94.25287356321839,
            "correct": 82,
            "total": 87
        },
        "action": {
            "accuracy": 20.689655172413794,
            "correct": 18,
            "total": 87
        },
        "judge": {
            "accuracy": 8.045977011494253,
            "correct": 7,
            "total": 87
        }
    },
    "inside_containers_for_personal_belongings": {
        "aware": {
            "accuracy": 85.91549295774648,
            "correct": 122,
            "total": 142
        },
        "action": {
            "accuracy": 9.859154929577464,
            "correct": 14,
            "total": 142
        },
        "judge": {
            "accuracy": 7.746478873239436,
            "correct": 11,
            "total": 142
        }
    },
    "inside_reuse_labeled_containers": {
        "aware": {
            "accuracy": 81.09756097560977,
            "correct": 133,
            "total": 164
        },
        "action": {
            "accuracy": 26.82926829268293,
            "correct": 44,
            "total": 164
        },
        "judge": {
            "accuracy": 12.195121951219512,
            "correct": 20,
            "total": 164
        }
    },
    "true_property_pretentious_labels": {
        "aware": {
            "accuracy": 58.992805755395686,
            "correct": 82,
            "total": 139
        },
        "action": {
            "accuracy": 10.071942446043165,
            "correct": 14,
            "total": 139
        },
        "judge": {
            "accuracy": 1.4388489208633095,
            "correct": 2,
            "total": 139
        }
    }
}