{
    "food_item_in_grocery_store": {
        "aware": {
            "accuracy": 98.80952380952381,
            "correct": 166,
            "total": 168
        },
        "action": {
            "accuracy": 11.30952380952381,
            "correct": 19,
            "total": 168
        },
        "judge": {
            "accuracy": 14.285714285714285,
            "correct": 24,
            "total": 168
        }
    },
    "Total": {
        "aware": {
            "accuracy": 86.83522231909329,
            "correct": 996,
            "total": 1147
        },
        "action": {
            "accuracy": 21.272885789014822,
            "correct": 244,
            "total": 1147
        },
        "judge": {
            "accuracy": 26.242371403661725,
            "correct": 301,
            "total": 1147
        },
        "Total": {
            "accuracy": 44.78349317058994,
            "correct": 1541,
            "total": 3441
        }
    },
    "behind_the_scene_service_industry": {
        "aware": {
            "accuracy": 93.27731092436974,
            "correct": 111,
            "total": 119
        },
        "action": {
            "accuracy": 29.411764705882355,
            "correct": 35,
            "total": 119
        },
        "judge": {
            "accuracy": 21.84873949579832,
            "correct": 26,
            "total": 119
        }
    },
    "hidden_body_part_feature": {
        "aware": {
            "accuracy": 91.8918918918919,
            "correct": 34,
            "total": 37
        },
        "action": {
            "accuracy": 16.216216216216218,
            "correct": 6,
            "total": 37
        },
        "judge": {
            "accuracy": 18.91891891891892,
            "correct": 7,
            "total": 37
        }
    },
    "provider_info_healthcare": {
        "aware": {
            "accuracy": 99.23076923076923,
            "correct": 129,
            "total": 130
        },
        "action": {
            "accuracy": 38.46153846153847,
            "correct": 50,
            "total": 130
        },
        "judge": {
            "accuracy": 1.5384615384615385,
            "correct": 2,
            "total": 130
        }
    },
    "seller_info_in_second_hand_market": {
        "aware": {
            "accuracy": 93.93939393939394,
            "correct": 93,
            "total": 99
        },
        "action": {
            "accuracy": 23.232323232323232,
            "correct": 23,
            "total": 99
        },
        "judge": {
            "accuracy": 25.252525252525253,
            "correct": 25,
            "total": 99
        }
    },
    "locked_devices_accounts": {
        "aware": {
            "accuracy": 70.96774193548387,
            "correct": 44,
            "total": 62
        },
        "action": {
            "accuracy": 25.806451612903224,
            "correct": 16,
            "total": 62
        },
        "judge": {
            "accuracy": 51.61290322580645,
            "correct": 32,
            "total": 62
        }
    },
    "unobserved_unethical_actions": {
        "aware": {
            "accuracy": 94.25287356321839,
            "correct": 82,
            "total": 87
        },
        "action": {
            "accuracy": 21.839080459770116,
            "correct": 19,
            "total": 87
        },
        "judge": {
            "accuracy": 22.988505747126435,
            "correct": 20,
            "total": 87
        }
    },
    "inside_containers_for_personal_belongings": {
        "aware": {
            "accuracy": 85.91549295774648,
            "correct": 122,
            "total": 142
        },
        "action": {
            "accuracy": 11.267605633802818,
            "correct": 16,
            "total": 142
        },
        "judge": {
            "accuracy": 54.929577464788736,
            "correct": 78,
            "total": 142
        }
    },
    "inside_reuse_labeled_containers": {
        "aware": {
            "accuracy": 81.09756097560977,
            "correct": 133,
            "total": 164
        },
        "action": {
            "accuracy": 28.04878048780488,
            "correct": 46,
            "total": 164
        },
        "judge": {
            "accuracy": 43.292682926829265,
            "correct": 71,
            "total": 164
        }
    },
    "true_property_pretentious_labels": {
        "aware": {
            "accuracy": 58.992805755395686,
            "correct": 82,
            "total": 139
        },
        "action": {
            "accuracy": 10.071942446043165,
            "correct": 14,
            "total": 139
        },
        "judge": {
            "accuracy": 11.510791366906476,
            "correct": 16,
            "total": 139
        }
    }
}