{
    "Sally-Anne_prompt.csv": {
        "Order 1": {
            "accuracy": 98.33333333333333,
            "correct": 59,
            "total": 60
        },
        "Order 2": {
            "accuracy": 48.333333333333336,
            "correct": 29,
            "total": 60
        },
        "Order 3": {
            "accuracy": 1.6666666666666667,
            "correct": 1,
            "total": 60
        }
    },
    "Total": {
        "Order 1": {
            "accuracy": 98.33333333333333,
            "correct": 59,
            "total": 60
        },
        "Order 2": {
            "accuracy": 48.333333333333336,
            "correct": 29,
            "total": 60
        },
        "Order 3": {
            "accuracy": 1.6666666666666667,
            "correct": 1,
            "total": 60
        },
        "Total": {
            "accuracy": 49.44444444444444,
            "correct": 89,
            "total": 180
        }
    }
}