{
    "Sally-Anne_prompt.csv": {
        "Order 1": {
            "accuracy": 98.33333333333333,
            "correct": 59,
            "total": 60
        },
        "Order 2": {
            "accuracy": 50.0,
            "correct": 30,
            "total": 60
        },
        "Order 3": {
            "accuracy": 3.3333333333333335,
            "correct": 2,
            "total": 60
        }
    },
    "Total": {
        "Order 1": {
            "accuracy": 98.33333333333333,
            "correct": 59,
            "total": 60
        },
        "Order 2": {
            "accuracy": 50.0,
            "correct": 30,
            "total": 60
        },
        "Order 3": {
            "accuracy": 3.3333333333333335,
            "correct": 2,
            "total": 60
        },
        "Total": {
            "accuracy": 50.55555555555556,
            "correct": 91,
            "total": 180
        }
    }
}