{
    "Smarties_prompt.csv": {
        "Order 1": {
            "accuracy": 90.0,
            "correct": 54,
            "total": 60
        },
        "Order 2": {
            "accuracy": 41.66666666666667,
            "correct": 25,
            "total": 60
        },
        "Order 3": {
            "accuracy": 36.666666666666664,
            "correct": 22,
            "total": 60
        }
    },
    "Total": {
        "Order 1": {
            "accuracy": 93.33333333333333,
            "correct": 112,
            "total": 120
        },
        "Order 2": {
            "accuracy": 45.83333333333333,
            "correct": 55,
            "total": 120
        },
        "Order 3": {
            "accuracy": 19.166666666666668,
            "correct": 23,
            "total": 120
        },
        "Total": {
            "accuracy": 52.77777777777778,
            "correct": 190,
            "total": 360
        }
    },
    "Sally-Anne_prompt.csv": {
        "Order 1": {
            "accuracy": 96.66666666666667,
            "correct": 58,
            "total": 60
        },
        "Order 2": {
            "accuracy": 50.0,
            "correct": 30,
            "total": 60
        },
        "Order 3": {
            "accuracy": 1.6666666666666667,
            "correct": 1,
            "total": 60
        }
    }
}