{
    "Sally-Anne_prompt.csv": {
        "Order 1": {
            "accuracy": 95.0,
            "correct": 57,
            "total": 60
        },
        "Order 2": {
            "accuracy": 33.33333333333333,
            "correct": 20,
            "total": 60
        },
        "Order 3": {
            "accuracy": 11.666666666666666,
            "correct": 7,
            "total": 60
        }
    },
    "Total": {
        "Order 1": {
            "accuracy": 79.16666666666666,
            "correct": 95,
            "total": 120
        },
        "Order 2": {
            "accuracy": 29.166666666666668,
            "correct": 35,
            "total": 120
        },
        "Order 3": {
            "accuracy": 8.333333333333332,
            "correct": 10,
            "total": 120
        },
        "Total": {
            "accuracy": 38.88888888888889,
            "correct": 140,
            "total": 360
        }
    },
    "Smarties_prompt.csv": {
        "Order 1": {
            "accuracy": 63.33333333333333,
            "correct": 38,
            "total": 60
        },
        "Order 2": {
            "accuracy": 25.0,
            "correct": 15,
            "total": 60
        },
        "Order 3": {
            "accuracy": 5.0,
            "correct": 3,
            "total": 60
        }
    }
}