{
    "Sally-Anne_prompt.csv": {
        "Order 1": {
            "accuracy": 95.0,
            "correct": 57,
            "total": 60
        },
        "Order 2": {
            "accuracy": 38.333333333333336,
            "correct": 23,
            "total": 60
        },
        "Order 3": {
            "accuracy": 50.0,
            "correct": 30,
            "total": 60
        }
    },
    "Total": {
        "Order 1": {
            "accuracy": 79.16666666666666,
            "correct": 95,
            "total": 120
        },
        "Order 2": {
            "accuracy": 35.833333333333336,
            "correct": 43,
            "total": 120
        },
        "Order 3": {
            "accuracy": 36.666666666666664,
            "correct": 44,
            "total": 120
        },
        "Total": {
            "accuracy": 50.55555555555556,
            "correct": 182,
            "total": 360
        }
    },
    "Smarties_prompt.csv": {
        "Order 1": {
            "accuracy": 63.33333333333333,
            "correct": 38,
            "total": 60
        },
        "Order 2": {
            "accuracy": 33.33333333333333,
            "correct": 20,
            "total": 60
        },
        "Order 3": {
            "accuracy": 23.333333333333332,
            "correct": 14,
            "total": 60
        }
    }
}