{
    "Smarties_prompt.csv": {
        "Order 1": {
            "accuracy": 96.66666666666667,
            "correct": 58,
            "total": 60
        },
        "Order 2": {
            "accuracy": 51.66666666666667,
            "correct": 31,
            "total": 60
        },
        "Order 3": {
            "accuracy": 51.66666666666667,
            "correct": 31,
            "total": 60
        }
    },
    "Total": {
        "Order 1": {
            "accuracy": 98.33333333333333,
            "correct": 118,
            "total": 120
        },
        "Order 2": {
            "accuracy": 50.83333333333333,
            "correct": 61,
            "total": 120
        },
        "Order 3": {
            "accuracy": 30.833333333333336,
            "correct": 37,
            "total": 120
        },
        "Total": {
            "accuracy": 60.0,
            "correct": 216,
            "total": 360
        }
    },
    "Sally-Anne_prompt.csv": {
        "Order 1": {
            "accuracy": 100.0,
            "correct": 60,
            "total": 60
        },
        "Order 2": {
            "accuracy": 50.0,
            "correct": 30,
            "total": 60
        },
        "Order 3": {
            "accuracy": 10.0,
            "correct": 6,
            "total": 60
        }
    }
}