{
    "Sally-Anne_prompt.csv": {
        "Order 1": {
            "accuracy": 93.33333333333333,
            "correct": 56,
            "total": 60
        },
        "Order 2": {
            "accuracy": 78.33333333333333,
            "correct": 47,
            "total": 60
        },
        "Order 3": {
            "accuracy": 76.66666666666667,
            "correct": 46,
            "total": 60
        }
    },
    "Total": {
        "Order 1": {
            "accuracy": 95.83333333333334,
            "correct": 115,
            "total": 120
        },
        "Order 2": {
            "accuracy": 66.66666666666666,
            "correct": 80,
            "total": 120
        },
        "Order 3": {
            "accuracy": 64.16666666666667,
            "correct": 77,
            "total": 120
        },
        "Total": {
            "accuracy": 75.55555555555556,
            "correct": 272,
            "total": 360
        }
    },
    "Smarties_prompt.csv": {
        "Order 1": {
            "accuracy": 98.33333333333333,
            "correct": 59,
            "total": 60
        },
        "Order 2": {
            "accuracy": 55.00000000000001,
            "correct": 33,
            "total": 60
        },
        "Order 3": {
            "accuracy": 51.66666666666667,
            "correct": 31,
            "total": 60
        }
    }
}