{
    "Sally-Anne_prompt.csv": {
        "Order 1": {
            "accuracy": 93.33333333333333,
            "correct": 56,
            "total": 60
        },
        "Order 2": {
            "accuracy": 80.0,
            "correct": 48,
            "total": 60
        },
        "Order 3": {
            "accuracy": 96.66666666666667,
            "correct": 58,
            "total": 60
        }
    },
    "Total": {
        "Order 1": {
            "accuracy": 95.83333333333334,
            "correct": 115,
            "total": 120
        },
        "Order 2": {
            "accuracy": 67.5,
            "correct": 81,
            "total": 120
        },
        "Order 3": {
            "accuracy": 95.0,
            "correct": 114,
            "total": 120
        },
        "Total": {
            "accuracy": 86.11111111111111,
            "correct": 310,
            "total": 360
        }
    },
    "Smarties_prompt.csv": {
        "Order 1": {
            "accuracy": 98.33333333333333,
            "correct": 59,
            "total": 60
        },
        "Order 2": {
            "accuracy": 55.00000000000001,
            "correct": 33,
            "total": 60
        },
        "Order 3": {
            "accuracy": 93.33333333333333,
            "correct": 56,
            "total": 60
        }
    }
}