{
    "food_item_in_grocery_store": {
        "aware": {
            "accuracy": 86.90476190476191,
            "correct": 146,
            "total": 168
        },
        "action": {
            "accuracy": 100.0,
            "correct": 168,
            "total": 168
        },
        "judge": {
            "accuracy": 42.857142857142854,
            "correct": 72,
            "total": 168
        }
    },
    "Total": {
        "aware": {
            "accuracy": 85.61464690496948,
            "correct": 982,
            "total": 1147
        },
        "action": {
            "accuracy": 89.1891891891892,
            "correct": 1023,
            "total": 1147
        },
        "judge": {
            "accuracy": 56.320836965998254,
            "correct": 646,
            "total": 1147
        },
        "Total": {
            "accuracy": 77.04155768671897,
            "correct": 2651,
            "total": 3441
        }
    },
    "behind_the_scene_service_industry": {
        "aware": {
            "accuracy": 92.43697478991596,
            "correct": 110,
            "total": 119
        },
        "action": {
            "accuracy": 100.0,
            "correct": 119,
            "total": 119
        },
        "judge": {
            "accuracy": 57.98319327731093,
            "correct": 69,
            "total": 119
        }
    },
    "hidden_body_part_feature": {
        "aware": {
            "accuracy": 81.08108108108108,
            "correct": 30,
            "total": 37
        },
        "action": {
            "accuracy": 75.67567567567568,
            "correct": 28,
            "total": 37
        },
        "judge": {
            "accuracy": 56.75675675675676,
            "correct": 21,
            "total": 37
        }
    },
    "provider_info_healthcare": {
        "aware": {
            "accuracy": 70.76923076923077,
            "correct": 92,
            "total": 130
        },
        "action": {
            "accuracy": 97.6923076923077,
            "correct": 127,
            "total": 130
        },
        "judge": {
            "accuracy": 29.230769230769234,
            "correct": 38,
            "total": 130
        }
    },
    "seller_info_in_second_hand_market": {
        "aware": {
            "accuracy": 92.92929292929293,
            "correct": 92,
            "total": 99
        },
        "action": {
            "accuracy": 98.98989898989899,
            "correct": 98,
            "total": 99
        },
        "judge": {
            "accuracy": 61.61616161616161,
            "correct": 61,
            "total": 99
        }
    },
    "locked_devices_accounts": {
        "aware": {
            "accuracy": 69.35483870967742,
            "correct": 43,
            "total": 62
        },
        "action": {
            "accuracy": 87.09677419354838,
            "correct": 54,
            "total": 62
        },
        "judge": {
            "accuracy": 43.54838709677419,
            "correct": 27,
            "total": 62
        }
    },
    "unobserved_unethical_actions": {
        "aware": {
            "accuracy": 96.55172413793103,
            "correct": 84,
            "total": 87
        },
        "action": {
            "accuracy": 94.25287356321839,
            "correct": 82,
            "total": 87
        },
        "judge": {
            "accuracy": 62.06896551724138,
            "correct": 54,
            "total": 87
        }
    },
    "inside_containers_for_personal_belongings": {
        "aware": {
            "accuracy": 91.54929577464789,
            "correct": 130,
            "total": 142
        },
        "action": {
            "accuracy": 88.73239436619718,
            "correct": 126,
            "total": 142
        },
        "judge": {
            "accuracy": 76.76056338028168,
            "correct": 109,
            "total": 142
        }
    },
    "inside_reuse_labeled_containers": {
        "aware": {
            "accuracy": 84.7560975609756,
            "correct": 139,
            "total": 164
        },
        "action": {
            "accuracy": 71.95121951219512,
            "correct": 118,
            "total": 164
        },
        "judge": {
            "accuracy": 64.02439024390245,
            "correct": 105,
            "total": 164
        }
    },
    "true_property_pretentious_labels": {
        "aware": {
            "accuracy": 83.45323741007195,
            "correct": 116,
            "total": 139
        },
        "action": {
            "accuracy": 74.10071942446042,
            "correct": 103,
            "total": 139
        },
        "judge": {
            "accuracy": 64.74820143884892,
            "correct": 90,
            "total": 139
        }
    }
}