{
    "Smarties_prompt.csv": {
        "Order 1": {
            "accuracy": 96.66666666666667,
            "correct": 58,
            "total": 60
        },
        "Order 2": {
            "accuracy": 41.66666666666667,
            "correct": 25,
            "total": 60
        },
        "Order 3": {
            "accuracy": 36.666666666666664,
            "correct": 22,
            "total": 60
        }
    },
    "Total": {
        "Order 1": {
            "accuracy": 96.66666666666667,
            "correct": 116,
            "total": 120
        },
        "Order 2": {
            "accuracy": 45.83333333333333,
            "correct": 55,
            "total": 120
        },
        "Order 3": {
            "accuracy": 27.500000000000004,
            "correct": 33,
            "total": 120
        },
        "Total": {
            "accuracy": 56.666666666666664,
            "correct": 204,
            "total": 360
        }
    },
    "Sally-Anne_prompt.csv": {
        "Order 1": {
            "accuracy": 96.66666666666667,
            "correct": 58,
            "total": 60
        },
        "Order 2": {
            "accuracy": 50.0,
            "correct": 30,
            "total": 60
        },
        "Order 3": {
            "accuracy": 18.333333333333332,
            "correct": 11,
            "total": 60
        }
    }
}