{
    "Smarties_prompt.csv": {
        "Order 1": {
            "accuracy": 96.66666666666667,
            "correct": 58,
            "total": 60
        },
        "Order 2": {
            "accuracy": 41.66666666666667,
            "correct": 25,
            "total": 60
        },
        "Order 3": {
            "accuracy": 93.33333333333333,
            "correct": 56,
            "total": 60
        }
    },
    "Total": {
        "Order 1": {
            "accuracy": 96.66666666666667,
            "correct": 116,
            "total": 120
        },
        "Order 2": {
            "accuracy": 45.83333333333333,
            "correct": 55,
            "total": 120
        },
        "Order 3": {
            "accuracy": 62.5,
            "correct": 75,
            "total": 120
        },
        "Total": {
            "accuracy": 68.33333333333333,
            "correct": 246,
            "total": 360
        }
    },
    "Sally-Anne_prompt.csv": {
        "Order 1": {
            "accuracy": 96.66666666666667,
            "correct": 58,
            "total": 60
        },
        "Order 2": {
            "accuracy": 50.0,
            "correct": 30,
            "total": 60
        },
        "Order 3": {
            "accuracy": 31.666666666666664,
            "correct": 19,
            "total": 60
        }
    }
}