{
    "Smarties_prompt.csv": {
        "Order 1": {
            "accuracy": 100.0,
            "correct": 60,
            "total": 60
        },
        "Order 2": {
            "accuracy": 98.33333333333333,
            "correct": 59,
            "total": 60
        },
        "Order 3": {
            "accuracy": 96.66666666666667,
            "correct": 58,
            "total": 60
        }
    },
    "Total": {
        "Order 1": {
            "accuracy": 100.0,
            "correct": 120,
            "total": 120
        },
        "Order 2": {
            "accuracy": 98.33333333333333,
            "correct": 118,
            "total": 120
        },
        "Order 3": {
            "accuracy": 97.5,
            "correct": 117,
            "total": 120
        },
        "Total": {
            "accuracy": 98.61111111111111,
            "correct": 355,
            "total": 360
        }
    },
    "Sally-Anne_prompt.csv": {
        "Order 1": {
            "accuracy": 100.0,
            "correct": 60,
            "total": 60
        },
        "Order 2": {
            "accuracy": 98.33333333333333,
            "correct": 59,
            "total": 60
        },
        "Order 3": {
            "accuracy": 98.33333333333333,
            "correct": 59,
            "total": 60
        }
    }
}