{
    "Smarties_prompt.csv": {
        "Order 1": {
            "accuracy": 98.33333333333333,
            "correct": 59,
            "total": 60
        },
        "Order 2": {
            "accuracy": 98.33333333333333,
            "correct": 59,
            "total": 60
        },
        "Order 3": {
            "accuracy": 96.66666666666667,
            "correct": 58,
            "total": 60
        }
    },
    "Total": {
        "Order 1": {
            "accuracy": 99.16666666666667,
            "correct": 119,
            "total": 120
        },
        "Order 2": {
            "accuracy": 95.83333333333334,
            "correct": 115,
            "total": 120
        },
        "Order 3": {
            "accuracy": 95.0,
            "correct": 114,
            "total": 120
        },
        "Total": {
            "accuracy": 96.66666666666667,
            "correct": 348,
            "total": 360
        }
    },
    "Sally-Anne_prompt.csv": {
        "Order 1": {
            "accuracy": 100.0,
            "correct": 60,
            "total": 60
        },
        "Order 2": {
            "accuracy": 93.33333333333333,
            "correct": 56,
            "total": 60
        },
        "Order 3": {
            "accuracy": 93.33333333333333,
            "correct": 56,
            "total": 60
        }
    }
}